0	0.032258065	0	0.032258065	1	0.992773893	1	0.992773893	0.188888889	0.177419355	0.187852728	0.177419355	1	0.983870968	1	0.983870968	0
0.092307692	0.096774194	0.0625	0.095238095	0.979386892	0.97578125	0.986252819	0.978830645	0.216094675	0.219562955	0.224609375	0.212899975	0.953846154	0.951612903	0.96875	0.952380952	0
0.125	0.126984127	0.064516129	0.126984127	0.990165572	0.989880331	0.995041587	0.989880331	0.125488281	0.123708743	0.140998959	0.123708743	0.9375	0.936507937	0.967741935	0.936507937	0
0.092307692	0.096774194	0.0625	0.095238095	0.979386892	0.97578125	0.986252819	0.978830645	0.216094675	0.219562955	0.224609375	0.212899975	0.953846154	0.951612903	0.96875	0.952380952	0
0.092307692	0.096774194	0.0625	0.095238095	0.979386892	0.97578125	0.986252819	0.978830645	0.216094675	0.219562955	0.224609375	0.212899975	0.953846154	0.951612903	0.96875	0.952380952	0
0.092307692	0.096774194	0.0625	0.095238095	0.979386892	0.97578125	0.986252819	0.978830645	0.216094675	0.219562955	0.224609375	0.212899975	0.953846154	0.951612903	0.96875	0.952380952	0
0.092307692	0.096774194	0.0625	0.095238095	0.979386892	0.97578125	0.986252819	0.978830645	0.216094675	0.219562955	0.224609375	0.212899975	0.953846154	0.951612903	0.96875	0.952380952	0
0.092307692	0.096774194	0.0625	0.095238095	0.979386892	0.97578125	0.986252819	0.978830645	0.216094675	0.219562955	0.224609375	0.212899975	0.953846154	0.951612903	0.96875	0.952380952	0
0.092307692	0.096774194	0.0625	0.095238095	0.979386892	0.97578125	0.986252819	0.978830645	0.216094675	0.219562955	0.224609375	0.212899975	0.953846154	0.951612903	0.96875	0.952380952	0
0.03125	0.031746032	0	0.031746032	0.987250996	0.987179487	1	0.987179487	0.42578125	0.420005039	0.446208113	0.420005039	0.984375	0.984126984	1	0.984126984	0
0.03125	0.031746032	0	0.031746032	0.987250996	0.987179487	1	0.987179487	0.42578125	0.420005039	0.446208113	0.420005039	0.984375	0.984126984	1	0.984126984	0
0.03125	0.031746032	0	0.031746032	0.987250996	0.987179487	1	0.987179487	0.42578125	0.420005039	0.446208113	0.420005039	0.984375	0.984126984	1	0.984126984	0
0	0.032258065	0	0.032258065	1	0.992773893	1	0.992773893	0.188888889	0.177419355	0.187852728	0.177419355	1	0.983870968	1	0.983870968	0
0.03125	0.031746032	0	0.031746032	0.987250996	0.987179487	1	0.987179487	0.42578125	0.420005039	0.446208113	0.420005039	0.984375	0.984126984	1	0.984126984	0
0.03125	0.031746032	0	0.031746032	0.987250996	0.987179487	1	0.987179487	0.42578125	0.420005039	0.446208113	0.420005039	0.984375	0.984126984	1	0.984126984	0
0.03125	0.031746032	0	0.031746032	0.987250996	0.987179487	1	0.987179487	0.42578125	0.420005039	0.446208113	0.420005039	0.984375	0.984126984	1	0.984126984	0
0.03125	0.031746032	0	0.031746032	0.987250996	0.987179487	1	0.987179487	0.42578125	0.420005039	0.446208113	0.420005039	0.984375	0.984126984	1	0.984126984	0
0.03125	0.031746032	0	0.031746032	0.987250996	0.987179487	1	0.987179487	0.42578125	0.420005039	0.446208113	0.420005039	0.984375	0.984126984	1	0.984126984	0
0	0.063492063	0	0.063492063	1	0.984320557	1	0.984320557	0.270555556	0.238599143	0.265251277	0.238599143	1	0.968253968	1	0.968253968	0
0	0.063492063	0	0.063492063	1	0.984320557	1	0.984320557	0.270555556	0.238599143	0.265251277	0.238599143	1	0.968253968	1	0.968253968	0
0	0.063492063	0	0.063492063	1	0.984320557	1	0.984320557	0.270555556	0.238599143	0.265251277	0.238599143	1	0.968253968	1	0.968253968	0
0	0.063492063	0	0.063492063	1	0.984320557	1	0.984320557	0.270555556	0.238599143	0.265251277	0.238599143	1	0.968253968	1	0.968253968	0
0	0.063492063	0	0.063492063	1	0.984320557	1	0.984320557	0.270555556	0.238599143	0.265251277	0.238599143	1	0.968253968	1	0.968253968	0
0	0.032258065	0	0.032258065	1	0.992773893	1	0.992773893	0.188888889	0.177419355	0.187852728	0.177419355	1	0.983870968	1	0.983870968	0
0	0.063492063	0	0.063492063	1	0.984320557	1	0.984320557	0.270555556	0.238599143	0.265251277	0.238599143	1	0.968253968	1	0.968253968	0
0	0.063492063	0	0.063492063	1	0.984320557	1	0.984320557	0.270555556	0.238599143	0.265251277	0.238599143	1	0.968253968	1	0.968253968	0
0	0.063492063	0	0.063492063	1	0.984320557	1	0.984320557	0.270555556	0.238599143	0.265251277	0.238599143	1	0.968253968	1	0.968253968	0
0.031746032	0.032258065	0.031746032	0.032258065	0.976735598	0.976153846	0.976735598	0.976153846	0.336356765	0.339229969	0.336356765	0.339229969	0.984126984	0.983870968	0.984126984	0.983870968	0
0.031746032	0.032258065	0.031746032	0.032258065	0.976735598	0.976153846	0.976735598	0.976153846	0.336356765	0.339229969	0.336356765	0.339229969	0.984126984	0.983870968	0.984126984	0.983870968	0
0.031746032	0.032258065	0.031746032	0.032258065	0.976735598	0.976153846	0.976735598	0.976153846	0.336356765	0.339229969	0.336356765	0.339229969	0.984126984	0.983870968	0.984126984	0.983870968	0
0.031746032	0.032258065	0.031746032	0.032258065	0.976735598	0.976153846	0.976735598	0.976153846	0.336356765	0.339229969	0.336356765	0.339229969	0.984126984	0.983870968	0.984126984	0.983870968	0
0.031746032	0.032258065	0.031746032	0.032258065	0.976735598	0.976153846	0.976735598	0.976153846	0.336356765	0.339229969	0.336356765	0.339229969	0.984126984	0.983870968	0.984126984	0.983870968	0
0.031746032	0.032258065	0.031746032	0.032258065	0.976735598	0.976153846	0.976735598	0.976153846	0.336356765	0.339229969	0.336356765	0.339229969	0.984126984	0.983870968	0.984126984	0.983870968	0
0.031746032	0.032258065	0.031746032	0.032258065	0.976735598	0.976153846	0.976735598	0.976153846	0.336356765	0.339229969	0.336356765	0.339229969	0.984126984	0.983870968	0.984126984	0.983870968	0
0	0.032258065	0	0.032258065	1	0.992773893	1	0.992773893	0.188888889	0.177419355	0.187852728	0.177419355	1	0.983870968	1	0.983870968	0
0.031746032	0.032258065	0.031746032	0.032258065	0.976735598	0.976153846	0.976735598	0.976153846	0.336356765	0.339229969	0.336356765	0.339229969	0.984126984	0.983870968	0.984126984	0.983870968	0
0.064516129	0.096774194	0.064516129	0.096774194	0.985581395	0.976323829	0.985581395	0.978189493	0.199271592	0.190426639	0.199271592	0.182622268	0.967741935	0.951612903	0.967741935	0.951612903	0
0.064516129	0.096774194	0.064516129	0.096774194	0.985581395	0.976323829	0.985581395	0.978189493	0.199271592	0.190426639	0.199271592	0.182622268	0.967741935	0.951612903	0.967741935	0.951612903	0
0.064516129	0.096774194	0.064516129	0.096774194	0.985581395	0.976323829	0.985581395	0.978189493	0.199271592	0.190426639	0.199271592	0.182622268	0.967741935	0.951612903	0.967741935	0.951612903	0
0.064516129	0.096774194	0.064516129	0.096774194	0.985581395	0.976323829	0.985581395	0.978189493	0.199271592	0.190426639	0.199271592	0.182622268	0.967741935	0.951612903	0.967741935	0.951612903	0
0.064516129	0.096774194	0.064516129	0.096774194	0.985581395	0.976323829	0.985581395	0.978189493	0.199271592	0.190426639	0.199271592	0.182622268	0.967741935	0.951612903	0.967741935	0.951612903	0
0.064516129	0.096774194	0.064516129	0.096774194	0.985581395	0.976323829	0.985581395	0.978189493	0.199271592	0.190426639	0.199271592	0.182622268	0.967741935	0.951612903	0.967741935	0.951612903	0
0.064516129	0.096774194	0.064516129	0.096774194	0.985581395	0.976323829	0.985581395	0.978189493	0.199271592	0.190426639	0.199271592	0.182622268	0.967741935	0.951612903	0.967741935	0.951612903	0
0.064516129	0.096774194	0.064516129	0.096774194	0.985581395	0.976323829	0.985581395	0.978189493	0.199271592	0.190426639	0.199271592	0.182622268	0.967741935	0.951612903	0.967741935	0.951612903	0
0.09375	0.098360656	0.090909091	0.098360656	0.972157773	0.971468662	0.975997091	0.971468662	0.214355469	0.214727224	0.204775023	0.214727224	0.953125	0.950819672	0.954545455	0.950819672	0
0	0.032258065	0	0.032258065	1	0.992773893	1	0.992773893	0.188888889	0.177419355	0.187852728	0.177419355	1	0.983870968	1	0.983870968	0
0.09375	0.098360656	0.090909091	0.098360656	0.972157773	0.971468662	0.975997091	0.971468662	0.214355469	0.214727224	0.204775023	0.214727224	0.953125	0.950819672	0.954545455	0.950819672	0
0.09375	0.098360656	0.090909091	0.098360656	0.972157773	0.971468662	0.975997091	0.971468662	0.214355469	0.214727224	0.204775023	0.214727224	0.953125	0.950819672	0.954545455	0.950819672	0
0.09375	0.098360656	0.090909091	0.098360656	0.972157773	0.971468662	0.975997091	0.971468662	0.214355469	0.214727224	0.204775023	0.214727224	0.953125	0.950819672	0.954545455	0.950819672	0
0.09375	0.098360656	0.090909091	0.098360656	0.972157773	0.971468662	0.975997091	0.971468662	0.214355469	0.214727224	0.204775023	0.214727224	0.953125	0.950819672	0.954545455	0.950819672	0
0.09375	0.098360656	0.090909091	0.098360656	0.972157773	0.971468662	0.975997091	0.971468662	0.214355469	0.214727224	0.204775023	0.214727224	0.953125	0.950819672	0.954545455	0.950819672	0
0.09375	0.098360656	0.090909091	0.098360656	0.972157773	0.971468662	0.975997091	0.971468662	0.214355469	0.214727224	0.204775023	0.214727224	0.953125	0.950819672	0.954545455	0.950819672	0
0.09375	0.098360656	0.090909091	0.098360656	0.972157773	0.971468662	0.975997091	0.971468662	0.214355469	0.214727224	0.204775023	0.214727224	0.953125	0.950819672	0.954545455	0.950819672	0
0.031746032	0.0625	0.031746032	0.063492063	0.970366886	0.94221219	0.970366886	0.940733772	0.371630134	0.344238281	0.371630134	0.350466112	0.984126984	0.96875	0.984126984	0.968253968	0
0.031746032	0.0625	0.031746032	0.063492063	0.970366886	0.94221219	0.970366886	0.940733772	0.371630134	0.344238281	0.371630134	0.350466112	0.984126984	0.96875	0.984126984	0.968253968	0
0.031746032	0.0625	0.031746032	0.063492063	0.970366886	0.94221219	0.970366886	0.940733772	0.371630134	0.344238281	0.371630134	0.350466112	0.984126984	0.96875	0.984126984	0.968253968	0
0	0.032258065	0	0.032258065	1	0.992773893	1	0.992773893	0.188888889	0.177419355	0.187852728	0.177419355	1	0.983870968	1	0.983870968	0
0.031746032	0.0625	0.031746032	0.063492063	0.970366886	0.94221219	0.970366886	0.940733772	0.371630134	0.344238281	0.371630134	0.350466112	0.984126984	0.96875	0.984126984	0.968253968	0
0.031746032	0.0625	0.031746032	0.063492063	0.970366886	0.94221219	0.970366886	0.940733772	0.371630134	0.344238281	0.371630134	0.350466112	0.984126984	0.96875	0.984126984	0.968253968	0
0.031746032	0.0625	0.031746032	0.063492063	0.970366886	0.94221219	0.970366886	0.940733772	0.371630134	0.344238281	0.371630134	0.350466112	0.984126984	0.96875	0.984126984	0.968253968	0
0.031746032	0.0625	0.031746032	0.063492063	0.970366886	0.94221219	0.970366886	0.940733772	0.371630134	0.344238281	0.371630134	0.350466112	0.984126984	0.96875	0.984126984	0.968253968	0
0.031746032	0.0625	0.031746032	0.063492063	0.970366886	0.94221219	0.970366886	0.940733772	0.371630134	0.344238281	0.371630134	0.350466112	0.984126984	0.96875	0.984126984	0.968253968	0
0.032258065	0.0625	0.032258065	0.032258065	0.97961197	0.959798995	0.97961197	0.97961197	0.317898023	0.299804688	0.317898023	0.317898023	0.983870968	0.96875	0.983870968	0.983870968	0
0.032258065	0.0625	0.032258065	0.032258065	0.97961197	0.959798995	0.97961197	0.97961197	0.317898023	0.299804688	0.317898023	0.317898023	0.983870968	0.96875	0.983870968	0.983870968	0
0.032258065	0.0625	0.032258065	0.032258065	0.97961197	0.959798995	0.97961197	0.97961197	0.317898023	0.299804688	0.317898023	0.317898023	0.983870968	0.96875	0.983870968	0.983870968	0
0.032258065	0.0625	0.032258065	0.032258065	0.97961197	0.959798995	0.97961197	0.97961197	0.317898023	0.299804688	0.317898023	0.317898023	0.983870968	0.96875	0.983870968	0.983870968	0
0.032258065	0.0625	0.032258065	0.032258065	0.97961197	0.959798995	0.97961197	0.97961197	0.317898023	0.299804688	0.317898023	0.317898023	0.983870968	0.96875	0.983870968	0.983870968	0
0	0.032258065	0	0.032258065	1	0.992773893	1	0.992773893	0.188888889	0.177419355	0.187852728	0.177419355	1	0.983870968	1	0.983870968	0
0.032258065	0.0625	0.032258065	0.032258065	0.97961197	0.959798995	0.97961197	0.97961197	0.317898023	0.299804688	0.317898023	0.317898023	0.983870968	0.96875	0.983870968	0.983870968	0
0.032258065	0.0625	0.032258065	0.032258065	0.97961197	0.959798995	0.97961197	0.97961197	0.317898023	0.299804688	0.317898023	0.317898023	0.983870968	0.96875	0.983870968	0.983870968	0
0.032258065	0.0625	0.032258065	0.032258065	0.97961197	0.959798995	0.97961197	0.97961197	0.317898023	0.299804688	0.317898023	0.317898023	0.983870968	0.96875	0.983870968	0.983870968	0
0.066666667	0.126984127	0.064516129	0.098360656	0.992090172	0.984729124	0.992479379	0.988308203	0.177777778	0.154446964	0.170655567	0.164203171	0.966666667	0.936507937	0.967741935	0.950819672	0
0.066666667	0.126984127	0.064516129	0.098360656	0.992090172	0.984729124	0.992479379	0.988308203	0.177777778	0.154446964	0.170655567	0.164203171	0.966666667	0.936507937	0.967741935	0.950819672	0
0.066666667	0.126984127	0.064516129	0.098360656	0.992090172	0.984729124	0.992479379	0.988308203	0.177777778	0.154446964	0.170655567	0.164203171	0.966666667	0.936507937	0.967741935	0.950819672	0
0.066666667	0.126984127	0.064516129	0.098360656	0.992090172	0.984729124	0.992479379	0.988308203	0.177777778	0.154446964	0.170655567	0.164203171	0.966666667	0.936507937	0.967741935	0.950819672	0
0.066666667	0.126984127	0.064516129	0.098360656	0.992090172	0.984729124	0.992479379	0.988308203	0.177777778	0.154446964	0.170655567	0.164203171	0.966666667	0.936507937	0.967741935	0.950819672	0
0.066666667	0.126984127	0.064516129	0.098360656	0.992090172	0.984729124	0.992479379	0.988308203	0.177777778	0.154446964	0.170655567	0.164203171	0.966666667	0.936507937	0.967741935	0.950819672	0
0.066666667	0.126984127	0.064516129	0.098360656	0.992090172	0.984729124	0.992479379	0.988308203	0.177777778	0.154446964	0.170655567	0.164203171	0.966666667	0.936507937	0.967741935	0.950819672	0
0	0.032258065	0	0.032258065	1	0.992773893	1	0.992773893	0.188888889	0.177419355	0.187852728	0.177419355	1	0.983870968	1	0.983870968	0
0.066666667	0.126984127	0.064516129	0.098360656	0.992090172	0.984729124	0.992479379	0.988308203	0.177777778	0.154446964	0.170655567	0.164203171	0.966666667	0.936507937	0.967741935	0.950819672	0
0.125	0.153846154	0.064516129	0.153846154	0.983306162	0.979161323	0.991640262	0.979161323	0.1484375	0.137988166	0.165972945	0.137988166	0.9375	0.923076923	0.967741935	0.923076923	0
0.125	0.153846154	0.064516129	0.153846154	0.983306162	0.979161323	0.991640262	0.979161323	0.1484375	0.137988166	0.165972945	0.137988166	0.9375	0.923076923	0.967741935	0.923076923	0
0.125	0.153846154	0.064516129	0.153846154	0.983306162	0.979161323	0.991640262	0.979161323	0.1484375	0.137988166	0.165972945	0.137988166	0.9375	0.923076923	0.967741935	0.923076923	0
0.125	0.153846154	0.064516129	0.153846154	0.983306162	0.979161323	0.991640262	0.979161323	0.1484375	0.137988166	0.165972945	0.137988166	0.9375	0.923076923	0.967741935	0.923076923	0
0.125	0.153846154	0.064516129	0.153846154	0.983306162	0.979161323	0.991640262	0.979161323	0.1484375	0.137988166	0.165972945	0.137988166	0.9375	0.923076923	0.967741935	0.923076923	0
0.125	0.153846154	0.064516129	0.153846154	0.983306162	0.979161323	0.991640262	0.979161323	0.1484375	0.137988166	0.165972945	0.137988166	0.9375	0.923076923	0.967741935	0.923076923	0
0.125	0.153846154	0.064516129	0.153846154	0.983306162	0.979161323	0.991640262	0.979161323	0.1484375	0.137988166	0.165972945	0.137988166	0.9375	0.923076923	0.967741935	0.923076923	0
0.125	0.153846154	0.064516129	0.153846154	0.983306162	0.979161323	0.991640262	0.979161323	0.1484375	0.137988166	0.165972945	0.137988166	0.9375	0.923076923	0.967741935	0.923076923	0
0.096774194	0.098360656	0.095238095	0.098360656	0.991884817	0.99187028	0.992051476	0.99187028	0.13371488	0.133028756	0.137314185	0.133028756	0.951612903	0.950819672	0.952380952	0.950819672	0
0.092307692	0.096774194	0.0625	0.095238095	0.979386892	0.97578125	0.986252819	0.978830645	0.216094675	0.219562955	0.224609375	0.212899975	0.953846154	0.951612903	0.96875	0.952380952	0
0.096774194	0.098360656	0.095238095	0.098360656	0.991884817	0.99187028	0.992051476	0.99187028	0.13371488	0.133028756	0.137314185	0.133028756	0.951612903	0.950819672	0.952380952	0.950819672	0
0.096774194	0.098360656	0.095238095	0.098360656	0.991884817	0.99187028	0.992051476	0.99187028	0.13371488	0.133028756	0.137314185	0.133028756	0.951612903	0.950819672	0.952380952	0.950819672	0
0.096774194	0.098360656	0.095238095	0.098360656	0.991884817	0.99187028	0.992051476	0.99187028	0.13371488	0.133028756	0.137314185	0.133028756	0.951612903	0.950819672	0.952380952	0.950819672	0
0.096774194	0.098360656	0.095238095	0.098360656	0.991884817	0.99187028	0.992051476	0.99187028	0.13371488	0.133028756	0.137314185	0.133028756	0.951612903	0.950819672	0.952380952	0.950819672	0
0.096774194	0.098360656	0.095238095	0.098360656	0.991884817	0.99187028	0.992051476	0.99187028	0.13371488	0.133028756	0.137314185	0.133028756	0.951612903	0.950819672	0.952380952	0.950819672	0
0.096774194	0.098360656	0.095238095	0.098360656	0.991884817	0.99187028	0.992051476	0.99187028	0.13371488	0.133028756	0.137314185	0.133028756	0.951612903	0.950819672	0.952380952	0.950819672	0
0.096774194	0.098360656	0.095238095	0.098360656	0.991884817	0.99187028	0.992051476	0.99187028	0.13371488	0.133028756	0.137314185	0.133028756	0.951612903	0.950819672	0.952380952	0.950819672	0
0.125	0.126984127	0.064516129	0.126984127	0.990165572	0.989880331	0.995041587	0.989880331	0.125488281	0.123708743	0.140998959	0.123708743	0.9375	0.936507937	0.967741935	0.936507937	0
0.125	0.126984127	0.064516129	0.126984127	0.990165572	0.989880331	0.995041587	0.989880331	0.125488281	0.123708743	0.140998959	0.123708743	0.9375	0.936507937	0.967741935	0.936507937	0
0.125	0.126984127	0.064516129	0.126984127	0.990165572	0.989880331	0.995041587	0.989880331	0.125488281	0.123708743	0.140998959	0.123708743	0.9375	0.936507937	0.967741935	0.936507937	0
0.032258065	0.032258065	0.031746032	0.032258065	0.989817704	0.989817704	0.990602625	0.989817704	0.267950052	0.267950052	0.262282691	0.267950052	0.983870968	0.983870968	0.984126984	0.983870968	1
0.032258065	0.032786885	0	0.032786885	0.993738006	0.993737166	1	0.993737166	0.199271592	0.201289976	0.202913632	0.201289976	0.983870968	0.983606557	1	0.983606557	1
0.063492063	0.09375	0.0625	0.064516129	0.966842105	0.951417004	0.967611336	0.966818303	0.287981859	0.266601563	0.285644531	0.28251821	0.968253968	0.953125	0.96875	0.967741935	1
0.032258065	0.032786885	0	0.032786885	0.993738006	0.993737166	1	0.993737166	0.199271592	0.201289976	0.202913632	0.201289976	0.983870968	0.983606557	1	0.983606557	1
0.032258065	0.032786885	0	0.032786885	0.993738006	0.993737166	1	0.993737166	0.199271592	0.201289976	0.202913632	0.201289976	0.983870968	0.983606557	1	0.983606557	1
0.032258065	0.032786885	0	0.032786885	0.993738006	0.993737166	1	0.993737166	0.199271592	0.201289976	0.202913632	0.201289976	0.983870968	0.983606557	1	0.983606557	1
0.032258065	0.032786885	0	0.032786885	0.993738006	0.993737166	1	0.993737166	0.199271592	0.201289976	0.202913632	0.201289976	0.983870968	0.983606557	1	0.983606557	1
0.032258065	0.032786885	0	0.032786885	0.993738006	0.993737166	1	0.993737166	0.199271592	0.201289976	0.202913632	0.201289976	0.983870968	0.983606557	1	0.983606557	1
0.032258065	0.032786885	0	0.032786885	0.993738006	0.993737166	1	0.993737166	0.199271592	0.201289976	0.202913632	0.201289976	0.983870968	0.983606557	1	0.983606557	1
0.03125	0.063492063	0	0.032786885	0.984873552	0.969535783	1	0.984318766	0.290527344	0.273872512	0.304890739	0.291588283	0.984375	0.968253968	1	0.983606557	1
0.03125	0.063492063	0	0.032786885	0.984873552	0.969535783	1	0.984318766	0.290527344	0.273872512	0.304890739	0.291588283	0.984375	0.968253968	1	0.983606557	1
0.03125	0.063492063	0	0.032786885	0.984873552	0.969535783	1	0.984318766	0.290527344	0.273872512	0.304890739	0.291588283	0.984375	0.968253968	1	0.983606557	1
0.032258065	0.032258065	0.031746032	0.032258065	0.989817704	0.989817704	0.990602625	0.989817704	0.267950052	0.267950052	0.262282691	0.267950052	0.983870968	0.983870968	0.984126984	0.983870968	1
0.03125	0.063492063	0	0.032786885	0.984873552	0.969535783	1	0.984318766	0.290527344	0.273872512	0.304890739	0.291588283	0.984375	0.968253968	1	0.983606557	1
0.03125	0.063492063	0	0.032786885	0.984873552	0.969535783	1	0.984318766	0.290527344	0.273872512	0.304890739	0.291588283	0.984375	0.968253968	1	0.983606557	1
0.03125	0.063492063	0	0.032786885	0.984873552	0.969535783	1	0.984318766	0.290527344	0.273872512	0.304890739	0.291588283	0.984375	0.968253968	1	0.983606557	1
0.03125	0.063492063	0	0.032786885	0.984873552	0.969535783	1	0.984318766	0.290527344	0.273872512	0.304890739	0.291588283	0.984375	0.968253968	1	0.983606557	1
0.03125	0.063492063	0	0.032786885	0.984873552	0.969535783	1	0.984318766	0.290527344	0.273872512	0.304890739	0.291588283	0.984375	0.968253968	1	0.983606557	1
0.09375	0.095238095	0.032258065	0.09375	0.948275862	0.94534413	0.98417156	0.948275862	0.265136719	0.270345175	0.296045786	0.265136719	0.953125	0.952380952	0.983870968	0.953125	1
0.09375	0.095238095	0.032258065	0.09375	0.948275862	0.94534413	0.98417156	0.948275862	0.265136719	0.270345175	0.296045786	0.265136719	0.953125	0.952380952	0.983870968	0.953125	1
0.09375	0.095238095	0.032258065	0.09375	0.948275862	0.94534413	0.98417156	0.948275862	0.265136719	0.270345175	0.296045786	0.265136719	0.953125	0.952380952	0.983870968	0.953125	1
0.09375	0.095238095	0.032258065	0.09375	0.948275862	0.94534413	0.98417156	0.948275862	0.265136719	0.270345175	0.296045786	0.265136719	0.953125	0.952380952	0.983870968	0.953125	1
0.09375	0.095238095	0.032258065	0.09375	0.948275862	0.94534413	0.98417156	0.948275862	0.265136719	0.270345175	0.296045786	0.265136719	0.953125	0.952380952	0.983870968	0.953125	1
0.032258065	0.032258065	0.031746032	0.032258065	0.989817704	0.989817704	0.990602625	0.989817704	0.267950052	0.267950052	0.262282691	0.267950052	0.983870968	0.983870968	0.984126984	0.983870968	1
0.09375	0.095238095	0.032258065	0.09375	0.948275862	0.94534413	0.98417156	0.948275862	0.265136719	0.270345175	0.296045786	0.265136719	0.953125	0.952380952	0.983870968	0.953125	1
0.09375	0.095238095	0.032258065	0.09375	0.948275862	0.94534413	0.98417156	0.948275862	0.265136719	0.270345175	0.296045786	0.265136719	0.953125	0.952380952	0.983870968	0.953125	1
0.09375	0.095238095	0.032258065	0.09375	0.948275862	0.94534413	0.98417156	0.948275862	0.265136719	0.270345175	0.296045786	0.265136719	0.953125	0.952380952	0.983870968	0.953125	1
0.063492063	0.064516129	0.031746032	0.09375	0.963541667	0.962390052	0.983870968	0.945392491	0.279919375	0.283558793	0.285462333	0.267578125	0.968253968	0.967741935	0.984126984	0.953125	1
0.063492063	0.064516129	0.031746032	0.09375	0.963541667	0.962390052	0.983870968	0.945392491	0.279919375	0.283558793	0.285462333	0.267578125	0.968253968	0.967741935	0.984126984	0.953125	1
0.063492063	0.064516129	0.031746032	0.09375	0.963541667	0.962390052	0.983870968	0.945392491	0.279919375	0.283558793	0.285462333	0.267578125	0.968253968	0.967741935	0.984126984	0.953125	1
0.063492063	0.064516129	0.031746032	0.09375	0.963541667	0.962390052	0.983870968	0.945392491	0.279919375	0.283558793	0.285462333	0.267578125	0.968253968	0.967741935	0.984126984	0.953125	1
0.063492063	0.064516129	0.031746032	0.09375	0.963541667	0.962390052	0.983870968	0.945392491	0.279919375	0.283558793	0.285462333	0.267578125	0.968253968	0.967741935	0.984126984	0.953125	1
0.063492063	0.064516129	0.031746032	0.09375	0.963541667	0.962390052	0.983870968	0.945392491	0.279919375	0.283558793	0.285462333	0.267578125	0.968253968	0.967741935	0.984126984	0.953125	1
0.063492063	0.064516129	0.031746032	0.09375	0.963541667	0.962390052	0.983870968	0.945392491	0.279919375	0.283558793	0.285462333	0.267578125	0.968253968	0.967741935	0.984126984	0.953125	1
0.032258065	0.032258065	0.031746032	0.032258065	0.989817704	0.989817704	0.990602625	0.989817704	0.267950052	0.267950052	0.262282691	0.267950052	0.983870968	0.983870968	0.984126984	0.983870968	1
0.063492063	0.064516129	0.031746032	0.09375	0.963541667	0.962390052	0.983870968	0.945392491	0.279919375	0.283558793	0.285462333	0.267578125	0.968253968	0.967741935	0.984126984	0.953125	1
0.032786885	0.064516129	0.031746032	0.064516129	0.975462591	0.953748601	0.978542234	0.953748601	0.3759742	0.347554631	0.361048123	0.347554631	0.983606557	0.967741935	0.984126984	0.967741935	1
0.032786885	0.064516129	0.031746032	0.064516129	0.975462591	0.953748601	0.978542234	0.953748601	0.3759742	0.347554631	0.361048123	0.347554631	0.983606557	0.967741935	0.984126984	0.967741935	1
0.032786885	0.064516129	0.031746032	0.064516129	0.975462591	0.953748601	0.978542234	0.953748601	0.3759742	0.347554631	0.361048123	0.347554631	0.983606557	0.967741935	0.984126984	0.967741935	1
0.032786885	0.064516129	0.031746032	0.064516129	0.975462591	0.953748601	0.978542234	0.953748601	0.3759742	0.347554631	0.361048123	0.347554631	0.983606557	0.967741935	0.984126984	0.967741935	1
0.032786885	0.064516129	0.031746032	0.064516129	0.975462591	0.953748601	0.978542234	0.953748601	0.3759742	0.347554631	0.361048123	0.347554631	0.983606557	0.967741935	0.984126984	0.967741935	1
0.032786885	0.064516129	0.031746032	0.064516129	0.975462591	0.953748601	0.978542234	0.953748601	0.3759742	0.347554631	0.361048123	0.347554631	0.983606557	0.967741935	0.984126984	0.967741935	1
0.032786885	0.064516129	0.031746032	0.064516129	0.975462591	0.953748601	0.978542234	0.953748601	0.3759742	0.347554631	0.361048123	0.347554631	0.983606557	0.967741935	0.984126984	0.967741935	1
0.032786885	0.064516129	0.031746032	0.064516129	0.975462591	0.953748601	0.978542234	0.953748601	0.3759742	0.347554631	0.361048123	0.347554631	0.983606557	0.967741935	0.984126984	0.967741935	1
0.095238095	0.101694915	0.063492063	0.098360656	0.981220191	0.98011236	0.989126683	0.980696203	0.201814059	0.204826199	0.205341396	0.207739855	0.952380952	0.949152542	0.968253968	0.950819672	1
0.032258065	0.032258065	0.031746032	0.032258065	0.989817704	0.989817704	0.990602625	0.989817704	0.267950052	0.267950052	0.262282691	0.267950052	0.983870968	0.983870968	0.984126984	0.983870968	1
0.095238095	0.101694915	0.063492063	0.098360656	0.981220191	0.98011236	0.989126683	0.980696203	0.201814059	0.204826199	0.205341396	0.207739855	0.952380952	0.949152542	0.968253968	0.950819672	1
0.095238095	0.101694915	0.063492063	0.098360656	0.981220191	0.98011236	0.989126683	0.980696203	0.201814059	0.204826199	0.205341396	0.207739855	0.952380952	0.949152542	0.968253968	0.950819672	1
0.095238095	0.101694915	0.063492063	0.098360656	0.981220191	0.98011236	0.989126683	0.980696203	0.201814059	0.204826199	0.205341396	0.207739855	0.952380952	0.949152542	0.968253968	0.950819672	1
0.095238095	0.101694915	0.063492063	0.098360656	0.981220191	0.98011236	0.989126683	0.980696203	0.201814059	0.204826199	0.205341396	0.207739855	0.952380952	0.949152542	0.968253968	0.950819672	1
0.095238095	0.101694915	0.063492063	0.098360656	0.981220191	0.98011236	0.989126683	0.980696203	0.201814059	0.204826199	0.205341396	0.207739855	0.952380952	0.949152542	0.968253968	0.950819672	1
0.095238095	0.101694915	0.063492063	0.098360656	0.981220191	0.98011236	0.989126683	0.980696203	0.201814059	0.204826199	0.205341396	0.207739855	0.952380952	0.949152542	0.968253968	0.950819672	1
0.095238095	0.101694915	0.063492063	0.098360656	0.981220191	0.98011236	0.989126683	0.980696203	0.201814059	0.204826199	0.205341396	0.207739855	0.952380952	0.949152542	0.968253968	0.950819672	1
0	0.031746032	0	0.031746032	1	0.993292164	1	0.993292164	0.196990056	0.185185185	0.194068678	0.185185185	1	0.984126984	1	0.984126984	1
0	0.031746032	0	0.031746032	1	0.993292164	1	0.993292164	0.196990056	0.185185185	0.194068678	0.185185185	1	0.984126984	1	0.984126984	1
0	0.031746032	0	0.031746032	1	0.993292164	1	0.993292164	0.196990056	0.185185185	0.194068678	0.185185185	1	0.984126984	1	0.984126984	1
0.032258065	0.032258065	0.031746032	0.032258065	0.989817704	0.989817704	0.990602625	0.989817704	0.267950052	0.267950052	0.262282691	0.267950052	0.983870968	0.983870968	0.984126984	0.983870968	1
0	0.031746032	0	0.031746032	1	0.993292164	1	0.993292164	0.196990056	0.185185185	0.194068678	0.185185185	1	0.984126984	1	0.984126984	1
0	0.031746032	0	0.031746032	1	0.993292164	1	0.993292164	0.196990056	0.185185185	0.194068678	0.185185185	1	0.984126984	1	0.984126984	1
0	0.031746032	0	0.031746032	1	0.993292164	1	0.993292164	0.196990056	0.185185185	0.194068678	0.185185185	1	0.984126984	1	0.984126984	1
0	0.031746032	0	0.031746032	1	0.993292164	1	0.993292164	0.196990056	0.185185185	0.194068678	0.185185185	1	0.984126984	1	0.984126984	1
0	0.031746032	0	0.031746032	1	0.993292164	1	0.993292164	0.196990056	0.185185185	0.194068678	0.185185185	1	0.984126984	1	0.984126984	1
0.090909091	0.09375	0.032258065	0.09375	0.926883309	0.925667828	0.974252492	0.925667828	0.30486685	0.300292969	0.3433923	0.300292969	0.954545455	0.953125	0.983870968	0.953125	1
0.090909091	0.09375	0.032258065	0.09375	0.926883309	0.925667828	0.974252492	0.925667828	0.30486685	0.300292969	0.3433923	0.300292969	0.954545455	0.953125	0.983870968	0.953125	1
0.090909091	0.09375	0.032258065	0.09375	0.926883309	0.925667828	0.974252492	0.925667828	0.30486685	0.300292969	0.3433923	0.300292969	0.954545455	0.953125	0.983870968	0.953125	1
0.090909091	0.09375	0.032258065	0.09375	0.926883309	0.925667828	0.974252492	0.925667828	0.30486685	0.300292969	0.3433923	0.300292969	0.954545455	0.953125	0.983870968	0.953125	1
0.090909091	0.09375	0.032258065	0.09375	0.926883309	0.925667828	0.974252492	0.925667828	0.30486685	0.300292969	0.3433923	0.300292969	0.954545455	0.953125	0.983870968	0.953125	1
0.032258065	0.032258065	0.031746032	0.032258065	0.989817704	0.989817704	0.990602625	0.989817704	0.267950052	0.267950052	0.262282691	0.267950052	0.983870968	0.983870968	0.984126984	0.983870968	1
0.090909091	0.09375	0.032258065	0.09375	0.926883309	0.925667828	0.974252492	0.925667828	0.30486685	0.300292969	0.3433923	0.300292969	0.954545455	0.953125	0.983870968	0.953125	1
0.090909091	0.09375	0.032258065	0.09375	0.926883309	0.925667828	0.974252492	0.925667828	0.30486685	0.300292969	0.3433923	0.300292969	0.954545455	0.953125	0.983870968	0.953125	1
0.090909091	0.09375	0.032258065	0.09375	0.926883309	0.925667828	0.974252492	0.925667828	0.30486685	0.300292969	0.3433923	0.300292969	0.954545455	0.953125	0.983870968	0.953125	1
0.096774194	0.126984127	0.095238095	0.126984127	0.972902098	0.963989711	0.972992284	0.963989711	0.182101977	0.170068027	0.182665659	0.170068027	0.951612903	0.936507937	0.952380952	0.936507937	1
0.096774194	0.126984127	0.095238095	0.126984127	0.972902098	0.963989711	0.972992284	0.963989711	0.182101977	0.170068027	0.182665659	0.170068027	0.951612903	0.936507937	0.952380952	0.936507937	1
0.096774194	0.126984127	0.095238095	0.126984127	0.972902098	0.963989711	0.972992284	0.963989711	0.182101977	0.170068027	0.182665659	0.170068027	0.951612903	0.936507937	0.952380952	0.936507937	1
0.096774194	0.126984127	0.095238095	0.126984127	0.972902098	0.963989711	0.972992284	0.963989711	0.182101977	0.170068027	0.182665659	0.170068027	0.951612903	0.936507937	0.952380952	0.936507937	1
0.096774194	0.126984127	0.095238095	0.126984127	0.972902098	0.963989711	0.972992284	0.963989711	0.182101977	0.170068027	0.182665659	0.170068027	0.951612903	0.936507937	0.952380952	0.936507937	1
0.096774194	0.126984127	0.095238095	0.126984127	0.972902098	0.963989711	0.972992284	0.963989711	0.182101977	0.170068027	0.182665659	0.170068027	0.951612903	0.936507937	0.952380952	0.936507937	1
0.096774194	0.126984127	0.095238095	0.126984127	0.972902098	0.963989711	0.972992284	0.963989711	0.182101977	0.170068027	0.182665659	0.170068027	0.951612903	0.936507937	0.952380952	0.936507937	1
0.032258065	0.032258065	0.031746032	0.032258065	0.989817704	0.989817704	0.990602625	0.989817704	0.267950052	0.267950052	0.262282691	0.267950052	0.983870968	0.983870968	0.984126984	0.983870968	1
0.096774194	0.126984127	0.095238095	0.126984127	0.972902098	0.963989711	0.972992284	0.963989711	0.182101977	0.170068027	0.182665659	0.170068027	0.951612903	0.936507937	0.952380952	0.936507937	1
0.125	0.126984127	0.125	0.126984127	0.962174941	0.962059621	0.962174941	0.962059621	0.171875	0.170571932	0.171875	0.170571932	0.9375	0.936507937	0.9375	0.936507937	1
0.125	0.126984127	0.125	0.126984127	0.962174941	0.962059621	0.962174941	0.962059621	0.171875	0.170571932	0.171875	0.170571932	0.9375	0.936507937	0.9375	0.936507937	1
0.125	0.126984127	0.125	0.126984127	0.962174941	0.962059621	0.962174941	0.962059621	0.171875	0.170571932	0.171875	0.170571932	0.9375	0.936507937	0.9375	0.936507937	1
0.125	0.126984127	0.125	0.126984127	0.962174941	0.962059621	0.962174941	0.962059621	0.171875	0.170571932	0.171875	0.170571932	0.9375	0.936507937	0.9375	0.936507937	1
0.125	0.126984127	0.125	0.126984127	0.962174941	0.962059621	0.962174941	0.962059621	0.171875	0.170571932	0.171875	0.170571932	0.9375	0.936507937	0.9375	0.936507937	1
0.125	0.126984127	0.125	0.126984127	0.962174941	0.962059621	0.962174941	0.962059621	0.171875	0.170571932	0.171875	0.170571932	0.9375	0.936507937	0.9375	0.936507937	1
0.125	0.126984127	0.125	0.126984127	0.962174941	0.962059621	0.962174941	0.962059621	0.171875	0.170571932	0.171875	0.170571932	0.9375	0.936507937	0.9375	0.936507937	1
0.125	0.126984127	0.125	0.126984127	0.962174941	0.962059621	0.962174941	0.962059621	0.171875	0.170571932	0.171875	0.170571932	0.9375	0.936507937	0.9375	0.936507937	1
0.064516129	0.096774194	0.064516129	0.06557377	0.971566155	0.959003747	0.971566155	0.971535231	0.24817898	0.230489074	0.24817898	0.24375168	0.967741935	0.951612903	0.967741935	0.967213115	1
0.032258065	0.032786885	0	0.032786885	0.993738006	0.993737166	1	0.993737166	0.199271592	0.201289976	0.202913632	0.201289976	0.983870968	0.983606557	1	0.983606557	1
0.064516129	0.096774194	0.064516129	0.06557377	0.971566155	0.959003747	0.971566155	0.971535231	0.24817898	0.230489074	0.24817898	0.24375168	0.967741935	0.951612903	0.967741935	0.967213115	1
0.064516129	0.096774194	0.064516129	0.06557377	0.971566155	0.959003747	0.971566155	0.971535231	0.24817898	0.230489074	0.24817898	0.24375168	0.967741935	0.951612903	0.967741935	0.967213115	1
0.064516129	0.096774194	0.064516129	0.06557377	0.971566155	0.959003747	0.971566155	0.971535231	0.24817898	0.230489074	0.24817898	0.24375168	0.967741935	0.951612903	0.967741935	0.967213115	1
0.064516129	0.096774194	0.064516129	0.06557377	0.971566155	0.959003747	0.971566155	0.971535231	0.24817898	0.230489074	0.24817898	0.24375168	0.967741935	0.951612903	0.967741935	0.967213115	1
0.064516129	0.096774194	0.064516129	0.06557377	0.971566155	0.959003747	0.971566155	0.971535231	0.24817898	0.230489074	0.24817898	0.24375168	0.967741935	0.951612903	0.967741935	0.967213115	1
0.064516129	0.096774194	0.064516129	0.06557377	0.971566155	0.959003747	0.971566155	0.971535231	0.24817898	0.230489074	0.24817898	0.24375168	0.967741935	0.951612903	0.967741935	0.967213115	1
0.064516129	0.096774194	0.064516129	0.06557377	0.971566155	0.959003747	0.971566155	0.971535231	0.24817898	0.230489074	0.24817898	0.24375168	0.967741935	0.951612903	0.967741935	0.967213115	1
0.063492063	0.09375	0.0625	0.064516129	0.966842105	0.951417004	0.967611336	0.966818303	0.287981859	0.266601563	0.285644531	0.28251821	0.968253968	0.953125	0.96875	0.967741935	1
0.063492063	0.09375	0.0625	0.064516129	0.966842105	0.951417004	0.967611336	0.966818303	0.287981859	0.266601563	0.285644531	0.28251821	0.968253968	0.953125	0.96875	0.967741935	1
0.063492063	0.09375	0.0625	0.064516129	0.966842105	0.951417004	0.967611336	0.966818303	0.287981859	0.266601563	0.285644531	0.28251821	0.968253968	0.953125	0.96875	0.967741935	1
0.032258065	0.064516129	0	0.032786885	0.995227833	0.990205371	1	0.995099614	0.163371488	0.156087409	0.17065305	0.164740661	0.983870968	0.967741935	1	0.983606557	2
0.032258065	0.032786885	0.03125	0.063492063	0.97426318	0.974261603	0.977142857	0.949680511	0.341311134	0.336199946	0.329101563	0.315696649	0.983870968	0.983606557	0.984375	0.968253968	2
0.064516129	0.06557377	0.0625	0.06779661	0.982674305	0.982630979	0.984524241	0.981257942	0.235691988	0.230314432	0.224609375	0.235851767	0.967741935	0.967213115	0.96875	0.966101695	2
0.032258065	0.032786885	0.03125	0.063492063	0.97426318	0.974261603	0.977142857	0.949680511	0.341311134	0.336199946	0.329101563	0.315696649	0.983870968	0.983606557	0.984375	0.968253968	2
0.032258065	0.032786885	0.03125	0.063492063	0.97426318	0.974261603	0.977142857	0.949680511	0.341311134	0.336199946	0.329101563	0.315696649	0.983870968	0.983606557	0.984375	0.968253968	2
0.032258065	0.032786885	0.03125	0.063492063	0.97426318	0.974261603	0.977142857	0.949680511	0.341311134	0.336199946	0.329101563	0.315696649	0.983870968	0.983606557	0.984375	0.968253968	2
0.032258065	0.032786885	0.03125	0.063492063	0.97426318	0.974261603	0.977142857	0.949680511	0.341311134	0.336199946	0.329101563	0.315696649	0.983870968	0.983606557	0.984375	0.968253968	2
0.032258065	0.032786885	0.03125	0.063492063	0.97426318	0.974261603	0.977142857	0.949680511	0.341311134	0.336199946	0.329101563	0.315696649	0.983870968	0.983606557	0.984375	0.968253968	2
0.032258065	0.032786885	0.03125	0.063492063	0.97426318	0.974261603	0.977142857	0.949680511	0.341311134	0.336199946	0.329101563	0.315696649	0.983870968	0.983606557	0.984375	0.968253968	2
0.031746032	0.063492063	0.03125	0.063492063	0.992358079	0.984573947	0.992387296	0.984573947	0.197782817	0.182161754	0.195800781	0.182161754	0.984126984	0.968253968	0.984375	0.968253968	2
0.031746032	0.063492063	0.03125	0.063492063	0.992358079	0.984573947	0.992387296	0.984573947	0.197782817	0.182161754	0.195800781	0.182161754	0.984126984	0.968253968	0.984375	0.968253968	2
0.031746032	0.063492063	0.03125	0.063492063	0.992358079	0.984573947	0.992387296	0.984573947	0.197782817	0.182161754	0.195800781	0.182161754	0.984126984	0.968253968	0.984375	0.968253968	2
0.032258065	0.064516129	0	0.032786885	0.995227833	0.990205371	1	0.995099614	0.163371488	0.156087409	0.17065305	0.164740661	0.983870968	0.967741935	1	0.983606557	2
0.031746032	0.063492063	0.03125	0.063492063	0.992358079	0.984573947	0.992387296	0.984573947	0.197782817	0.182161754	0.195800781	0.182161754	0.984126984	0.968253968	0.984375	0.968253968	2
0.031746032	0.063492063	0.03125	0.063492063	0.992358079	0.984573947	0.992387296	0.984573947	0.197782817	0.182161754	0.195800781	0.182161754	0.984126984	0.968253968	0.984375	0.968253968	2
0.031746032	0.063492063	0.03125	0.063492063	0.992358079	0.984573947	0.992387296	0.984573947	0.197782817	0.182161754	0.195800781	0.182161754	0.984126984	0.968253968	0.984375	0.968253968	2
0.031746032	0.063492063	0.03125	0.063492063	0.992358079	0.984573947	0.992387296	0.984573947	0.197782817	0.182161754	0.195800781	0.182161754	0.984126984	0.968253968	0.984375	0.968253968	2
0.031746032	0.063492063	0.03125	0.063492063	0.992358079	0.984573947	0.992387296	0.984573947	0.197782817	0.182161754	0.195800781	0.182161754	0.984126984	0.968253968	0.984375	0.968253968	2
0	0	0	0	1	1	1	1	0.486159635	0.497777778	0.472424558	0.511634588	1	1	1	1	2
0	0	0	0	1	1	1	1	0.486159635	0.497777778	0.472424558	0.511634588	1	1	1	1	2
0	0	0	0	1	1	1	1	0.486159635	0.497777778	0.472424558	0.511634588	1	1	1	1	2
0	0	0	0	1	1	1	1	0.486159635	0.497777778	0.472424558	0.511634588	1	1	1	1	2
0	0	0	0	1	1	1	1	0.486159635	0.497777778	0.472424558	0.511634588	1	1	1	1	2
0.032258065	0.064516129	0	0.032786885	0.995227833	0.990205371	1	0.995099614	0.163371488	0.156087409	0.17065305	0.164740661	0.983870968	0.967741935	1	0.983606557	2
0	0	0	0	1	1	1	1	0.486159635	0.497777778	0.472424558	0.511634588	1	1	1	1	2
0	0	0	0	1	1	1	1	0.486159635	0.497777778	0.472424558	0.511634588	1	1	1	1	2
0	0	0	0	1	1	1	1	0.486159635	0.497777778	0.472424558	0.511634588	1	1	1	1	2
0.066666667	0.125	0.064516129	0.151515152	0.981848434	0.964518365	0.982217123	0.956806283	0.247222222	0.219238281	0.24817898	0.207529844	0.966666667	0.9375	0.967741935	0.924242424	2
0.066666667	0.125	0.064516129	0.151515152	0.981848434	0.964518365	0.982217123	0.956806283	0.247222222	0.219238281	0.24817898	0.207529844	0.966666667	0.9375	0.967741935	0.924242424	2
0.066666667	0.125	0.064516129	0.151515152	0.981848434	0.964518365	0.982217123	0.956806283	0.247222222	0.219238281	0.24817898	0.207529844	0.966666667	0.9375	0.967741935	0.924242424	2
0.066666667	0.125	0.064516129	0.151515152	0.981848434	0.964518365	0.982217123	0.956806283	0.247222222	0.219238281	0.24817898	0.207529844	0.966666667	0.9375	0.967741935	0.924242424	2
0.066666667	0.125	0.064516129	0.151515152	0.981848434	0.964518365	0.982217123	0.956806283	0.247222222	0.219238281	0.24817898	0.207529844	0.966666667	0.9375	0.967741935	0.924242424	2
0.066666667	0.125	0.064516129	0.151515152	0.981848434	0.964518365	0.982217123	0.956806283	0.247222222	0.219238281	0.24817898	0.207529844	0.966666667	0.9375	0.967741935	0.924242424	2
0.066666667	0.125	0.064516129	0.151515152	0.981848434	0.964518365	0.982217123	0.956806283	0.247222222	0.219238281	0.24817898	0.207529844	0.966666667	0.9375	0.967741935	0.924242424	2
0.032258065	0.064516129	0	0.032786885	0.995227833	0.990205371	1	0.995099614	0.163371488	0.156087409	0.17065305	0.164740661	0.983870968	0.967741935	1	0.983606557	2
0.066666667	0.125	0.064516129	0.151515152	0.981848434	0.964518365	0.982217123	0.956806283	0.247222222	0.219238281	0.24817898	0.207529844	0.966666667	0.9375	0.967741935	0.924242424	2
0.064516129	0.066666667	0.0625	0.066666667	0.981602374	0.981512864	0.984539196	0.981512864	0.258064516	0.255555556	0.245117188	0.255555556	0.967741935	0.966666667	0.96875	0.966666667	2
0.064516129	0.066666667	0.0625	0.066666667	0.981602374	0.981512864	0.984539196	0.981512864	0.258064516	0.255555556	0.245117188	0.255555556	0.967741935	0.966666667	0.96875	0.966666667	2
0.064516129	0.066666667	0.0625	0.066666667	0.981602374	0.981512864	0.984539196	0.981512864	0.258064516	0.255555556	0.245117188	0.255555556	0.967741935	0.966666667	0.96875	0.966666667	2
0.064516129	0.066666667	0.0625	0.066666667	0.981602374	0.981512864	0.984539196	0.981512864	0.258064516	0.255555556	0.245117188	0.255555556	0.967741935	0.966666667	0.96875	0.966666667	2
0.064516129	0.066666667	0.0625	0.066666667	0.981602374	0.981512864	0.984539196	0.981512864	0.258064516	0.255555556	0.245117188	0.255555556	0.967741935	0.966666667	0.96875	0.966666667	2
0.064516129	0.066666667	0.0625	0.066666667	0.981602374	0.981512864	0.984539196	0.981512864	0.258064516	0.255555556	0.245117188	0.255555556	0.967741935	0.966666667	0.96875	0.966666667	2
0.064516129	0.066666667	0.0625	0.066666667	0.981602374	0.981512864	0.984539196	0.981512864	0.258064516	0.255555556	0.245117188	0.255555556	0.967741935	0.966666667	0.96875	0.966666667	2
0.064516129	0.066666667	0.0625	0.066666667	0.981602374	0.981512864	0.984539196	0.981512864	0.258064516	0.255555556	0.245117188	0.255555556	0.967741935	0.966666667	0.96875	0.966666667	2
0.033333333	0.064516129	0.032258065	0.064516129	0.983384104	0.967126193	0.985792851	0.967126193	0.345555556	0.325182102	0.331425598	0.325182102	0.983333333	0.967741935	0.983870968	0.967741935	2
0.032258065	0.064516129	0	0.032786885	0.995227833	0.990205371	1	0.995099614	0.163371488	0.156087409	0.17065305	0.164740661	0.983870968	0.967741935	1	0.983606557	2
0.033333333	0.064516129	0.032258065	0.064516129	0.983384104	0.967126193	0.985792851	0.967126193	0.345555556	0.325182102	0.331425598	0.325182102	0.983333333	0.967741935	0.983870968	0.967741935	2
0.033333333	0.064516129	0.032258065	0.064516129	0.983384104	0.967126193	0.985792851	0.967126193	0.345555556	0.325182102	0.331425598	0.325182102	0.983333333	0.967741935	0.983870968	0.967741935	2
0.033333333	0.064516129	0.032258065	0.064516129	0.983384104	0.967126193	0.985792851	0.967126193	0.345555556	0.325182102	0.331425598	0.325182102	0.983333333	0.967741935	0.983870968	0.967741935	2
0.033333333	0.064516129	0.032258065	0.064516129	0.983384104	0.967126193	0.985792851	0.967126193	0.345555556	0.325182102	0.331425598	0.325182102	0.983333333	0.967741935	0.983870968	0.967741935	2
0.033333333	0.064516129	0.032258065	0.064516129	0.983384104	0.967126193	0.985792851	0.967126193	0.345555556	0.325182102	0.331425598	0.325182102	0.983333333	0.967741935	0.983870968	0.967741935	2
0.033333333	0.064516129	0.032258065	0.064516129	0.983384104	0.967126193	0.985792851	0.967126193	0.345555556	0.325182102	0.331425598	0.325182102	0.983333333	0.967741935	0.983870968	0.967741935	2
0.033333333	0.064516129	0.032258065	0.064516129	0.983384104	0.967126193	0.985792851	0.967126193	0.345555556	0.325182102	0.331425598	0.325182102	0.983333333	0.967741935	0.983870968	0.967741935	2
0.09375	0.096774194	0.092307692	0.096774194	0.948051948	0.945804196	0.948220924	0.945804196	0.274414063	0.27471384	0.273846154	0.27471384	0.953125	0.951612903	0.953846154	0.951612903	2
0.09375	0.096774194	0.092307692	0.096774194	0.948051948	0.945804196	0.948220924	0.945804196	0.274414063	0.27471384	0.273846154	0.27471384	0.953125	0.951612903	0.953846154	0.951612903	2
0.09375	0.096774194	0.092307692	0.096774194	0.948051948	0.945804196	0.948220924	0.945804196	0.274414063	0.27471384	0.273846154	0.27471384	0.953125	0.951612903	0.953846154	0.951612903	2
0.032258065	0.064516129	0	0.032786885	0.995227833	0.990205371	1	0.995099614	0.163371488	0.156087409	0.17065305	0.164740661	0.983870968	0.967741935	1	0.983606557	2
0.09375	0.096774194	0.092307692	0.096774194	0.948051948	0.945804196	0.948220924	0.945804196	0.274414063	0.27471384	0.273846154	0.27471384	0.953125	0.951612903	0.953846154	0.951612903	2
0.09375	0.096774194	0.092307692	0.096774194	0.948051948	0.945804196	0.948220924	0.945804196	0.274414063	0.27471384	0.273846154	0.27471384	0.953125	0.951612903	0.953846154	0.951612903	2
0.09375	0.096774194	0.092307692	0.096774194	0.948051948	0.945804196	0.948220924	0.945804196	0.274414063	0.27471384	0.273846154	0.27471384	0.953125	0.951612903	0.953846154	0.951612903	2
0.09375	0.096774194	0.092307692	0.096774194	0.948051948	0.945804196	0.948220924	0.945804196	0.274414063	0.27471384	0.273846154	0.27471384	0.953125	0.951612903	0.953846154	0.951612903	2
0.09375	0.096774194	0.092307692	0.096774194	0.948051948	0.945804196	0.948220924	0.945804196	0.274414063	0.27471384	0.273846154	0.27471384	0.953125	0.951612903	0.953846154	0.951612903	2
0.098360656	0.1	0.09375	0.098360656	0.977329039	0.976993865	0.978329571	0.977329039	0.192152647	0.195555556	0.191894531	0.192152647	0.950819672	0.95	0.953125	0.950819672	2
0.098360656	0.1	0.09375	0.098360656	0.977329039	0.976993865	0.978329571	0.977329039	0.192152647	0.195555556	0.191894531	0.192152647	0.950819672	0.95	0.953125	0.950819672	2
0.098360656	0.1	0.09375	0.098360656	0.977329039	0.976993865	0.978329571	0.977329039	0.192152647	0.195555556	0.191894531	0.192152647	0.950819672	0.95	0.953125	0.950819672	2
0.098360656	0.1	0.09375	0.098360656	0.977329039	0.976993865	0.978329571	0.977329039	0.192152647	0.195555556	0.191894531	0.192152647	0.950819672	0.95	0.953125	0.950819672	2
0.098360656	0.1	0.09375	0.098360656	0.977329039	0.976993865	0.978329571	0.977329039	0.192152647	0.195555556	0.191894531	0.192152647	0.950819672	0.95	0.953125	0.950819672	2
0.032258065	0.064516129	0	0.032786885	0.995227833	0.990205371	1	0.995099614	0.163371488	0.156087409	0.17065305	0.164740661	0.983870968	0.967741935	1	0.983606557	2
0.098360656	0.1	0.09375	0.098360656	0.977329039	0.976993865	0.978329571	0.977329039	0.192152647	0.195555556	0.191894531	0.192152647	0.950819672	0.95	0.953125	0.950819672	2
0.098360656	0.1	0.09375	0.098360656	0.977329039	0.976993865	0.978329571	0.977329039	0.192152647	0.195555556	0.191894531	0.192152647	0.950819672	0.95	0.953125	0.950819672	2
0.098360656	0.1	0.09375	0.098360656	0.977329039	0.976993865	0.978329571	0.977329039	0.192152647	0.195555556	0.191894531	0.192152647	0.950819672	0.95	0.953125	0.950819672	2
0.063492063	0.096774194	0.063492063	0.096774194	0.988195616	0.982206065	0.988195616	0.982206065	0.185185185	0.173257024	0.185185185	0.173257024	0.968253968	0.951612903	0.968253968	0.951612903	2
0.063492063	0.096774194	0.063492063	0.096774194	0.988195616	0.982206065	0.988195616	0.982206065	0.185185185	0.173257024	0.185185185	0.173257024	0.968253968	0.951612903	0.968253968	0.951612903	2
0.063492063	0.096774194	0.063492063	0.096774194	0.988195616	0.982206065	0.988195616	0.982206065	0.185185185	0.173257024	0.185185185	0.173257024	0.968253968	0.951612903	0.968253968	0.951612903	2
0.063492063	0.096774194	0.063492063	0.096774194	0.988195616	0.982206065	0.988195616	0.982206065	0.185185185	0.173257024	0.185185185	0.173257024	0.968253968	0.951612903	0.968253968	0.951612903	2
0.063492063	0.096774194	0.063492063	0.096774194	0.988195616	0.982206065	0.988195616	0.982206065	0.185185185	0.173257024	0.185185185	0.173257024	0.968253968	0.951612903	0.968253968	0.951612903	2
0.063492063	0.096774194	0.063492063	0.096774194	0.988195616	0.982206065	0.988195616	0.982206065	0.185185185	0.173257024	0.185185185	0.173257024	0.968253968	0.951612903	0.968253968	0.951612903	2
0.063492063	0.096774194	0.063492063	0.096774194	0.988195616	0.982206065	0.988195616	0.982206065	0.185185185	0.173257024	0.185185185	0.173257024	0.968253968	0.951612903	0.968253968	0.951612903	2
0.032258065	0.064516129	0	0.032786885	0.995227833	0.990205371	1	0.995099614	0.163371488	0.156087409	0.17065305	0.164740661	0.983870968	0.967741935	1	0.983606557	2
0.063492063	0.096774194	0.063492063	0.096774194	0.988195616	0.982206065	0.988195616	0.982206065	0.185185185	0.173257024	0.185185185	0.173257024	0.968253968	0.951612903	0.968253968	0.951612903	2
0.096774194	0.126984127	0.06557377	0.126984127	0.940556088	0.924910608	0.960260586	0.923543689	0.284599376	0.261778786	0.299113142	0.262786596	0.951612903	0.936507937	0.967213115	0.936507937	2
0.096774194	0.126984127	0.06557377	0.126984127	0.940556088	0.924910608	0.960260586	0.923543689	0.284599376	0.261778786	0.299113142	0.262786596	0.951612903	0.936507937	0.967213115	0.936507937	2
0.096774194	0.126984127	0.06557377	0.126984127	0.940556088	0.924910608	0.960260586	0.923543689	0.284599376	0.261778786	0.299113142	0.262786596	0.951612903	0.936507937	0.967213115	0.936507937	2
0.096774194	0.126984127	0.06557377	0.126984127	0.940556088	0.924910608	0.960260586	0.923543689	0.284599376	0.261778786	0.299113142	0.262786596	0.951612903	0.936507937	0.967213115	0.936507937	2
0.096774194	0.126984127	0.06557377	0.126984127	0.940556088	0.924910608	0.960260586	0.923543689	0.284599376	0.261778786	0.299113142	0.262786596	0.951612903	0.936507937	0.967213115	0.936507937	2
0.096774194	0.126984127	0.06557377	0.126984127	0.940556088	0.924910608	0.960260586	0.923543689	0.284599376	0.261778786	0.299113142	0.262786596	0.951612903	0.936507937	0.967213115	0.936507937	2
0.096774194	0.126984127	0.06557377	0.126984127	0.940556088	0.924910608	0.960260586	0.923543689	0.284599376	0.261778786	0.299113142	0.262786596	0.951612903	0.936507937	0.967213115	0.936507937	2
0.096774194	0.126984127	0.06557377	0.126984127	0.940556088	0.924910608	0.960260586	0.923543689	0.284599376	0.261778786	0.299113142	0.262786596	0.951612903	0.936507937	0.967213115	0.936507937	2
0.064516129	0.096774194	0.064516129	0.066666667	0.955395683	0.934322034	0.955395683	0.954734063	0.308012487	0.288241415	0.308012487	0.306111111	0.967741935	0.951612903	0.967741935	0.966666667	2
0.032258065	0.032786885	0.03125	0.063492063	0.97426318	0.974261603	0.977142857	0.949680511	0.341311134	0.336199946	0.329101563	0.315696649	0.983870968	0.983606557	0.984375	0.968253968	2
0.064516129	0.096774194	0.064516129	0.066666667	0.955395683	0.934322034	0.955395683	0.954734063	0.308012487	0.288241415	0.308012487	0.306111111	0.967741935	0.951612903	0.967741935	0.966666667	2
0.064516129	0.096774194	0.064516129	0.066666667	0.955395683	0.934322034	0.955395683	0.954734063	0.308012487	0.288241415	0.308012487	0.306111111	0.967741935	0.951612903	0.967741935	0.966666667	2
0.064516129	0.096774194	0.064516129	0.066666667	0.955395683	0.934322034	0.955395683	0.954734063	0.308012487	0.288241415	0.308012487	0.306111111	0.967741935	0.951612903	0.967741935	0.966666667	2
0.064516129	0.096774194	0.064516129	0.066666667	0.955395683	0.934322034	0.955395683	0.954734063	0.308012487	0.288241415	0.308012487	0.306111111	0.967741935	0.951612903	0.967741935	0.966666667	2
0.064516129	0.096774194	0.064516129	0.066666667	0.955395683	0.934322034	0.955395683	0.954734063	0.308012487	0.288241415	0.308012487	0.306111111	0.967741935	0.951612903	0.967741935	0.966666667	2
0.064516129	0.096774194	0.064516129	0.066666667	0.955395683	0.934322034	0.955395683	0.954734063	0.308012487	0.288241415	0.308012487	0.306111111	0.967741935	0.951612903	0.967741935	0.966666667	2
0.064516129	0.096774194	0.064516129	0.066666667	0.955395683	0.934322034	0.955395683	0.954734063	0.308012487	0.288241415	0.308012487	0.306111111	0.967741935	0.951612903	0.967741935	0.966666667	2
0.064516129	0.06557377	0.0625	0.06779661	0.982674305	0.982630979	0.984524241	0.981257942	0.235691988	0.230314432	0.224609375	0.235851767	0.967741935	0.967213115	0.96875	0.966101695	2
0.064516129	0.06557377	0.0625	0.06779661	0.982674305	0.982630979	0.984524241	0.981257942	0.235691988	0.230314432	0.224609375	0.235851767	0.967741935	0.967213115	0.96875	0.966101695	2
0.064516129	0.06557377	0.0625	0.06779661	0.982674305	0.982630979	0.984524241	0.981257942	0.235691988	0.230314432	0.224609375	0.235851767	0.967741935	0.967213115	0.96875	0.966101695	2
0.032258065	0.032786885	0	0.032786885	0.996186258	0.99616786	1	0.99616786	0.173257024	0.16957807	0.181402849	0.16957807	0.983870968	0.983606557	1	0.983606557	3
0.031746032	0.032786885	0.03125	0.032786885	0.97560031	0.974958949	0.976154993	0.974958949	0.35600907	0.354474604	0.349609375	0.354474604	0.984126984	0.983606557	0.984375	0.983606557	3
0.064516129	0.095238095	0.032786885	0.06557377	0.972542073	0.959302326	0.986420303	0.972310486	0.340270552	0.315696649	0.351787154	0.336199946	0.967741935	0.952380952	0.983606557	0.967213115	3
0.031746032	0.032786885	0.03125	0.032786885	0.97560031	0.974958949	0.976154993	0.974958949	0.35600907	0.354474604	0.349609375	0.354474604	0.984126984	0.983606557	0.984375	0.983606557	3
0.031746032	0.032786885	0.03125	0.032786885	0.97560031	0.974958949	0.976154993	0.974958949	0.35600907	0.354474604	0.349609375	0.354474604	0.984126984	0.983606557	0.984375	0.983606557	3
0.031746032	0.032786885	0.03125	0.032786885	0.97560031	0.974958949	0.976154993	0.974958949	0.35600907	0.354474604	0.349609375	0.354474604	0.984126984	0.983606557	0.984375	0.983606557	3
0.031746032	0.032786885	0.03125	0.032786885	0.97560031	0.974958949	0.976154993	0.974958949	0.35600907	0.354474604	0.349609375	0.354474604	0.984126984	0.983606557	0.984375	0.983606557	3
0.031746032	0.032786885	0.03125	0.032786885	0.97560031	0.974958949	0.976154993	0.974958949	0.35600907	0.354474604	0.349609375	0.354474604	0.984126984	0.983606557	0.984375	0.983606557	3
0.031746032	0.032786885	0.03125	0.032786885	0.97560031	0.974958949	0.976154993	0.974958949	0.35600907	0.354474604	0.349609375	0.354474604	0.984126984	0.983606557	0.984375	0.983606557	3
0.032258065	0.032258065	0.031746032	0.032258065	0.988993432	0.988993432	0.99	0.988993432	0.239854318	0.239854318	0.233560091	0.239854318	0.983870968	0.983870968	0.984126984	0.983870968	3
0.032258065	0.032258065	0.031746032	0.032258065	0.988993432	0.988993432	0.99	0.988993432	0.239854318	0.239854318	0.233560091	0.239854318	0.983870968	0.983870968	0.984126984	0.983870968	3
0.032258065	0.032258065	0.031746032	0.032258065	0.988993432	0.988993432	0.99	0.988993432	0.239854318	0.239854318	0.233560091	0.239854318	0.983870968	0.983870968	0.984126984	0.983870968	3
0.032258065	0.032786885	0	0.032786885	0.996186258	0.99616786	1	0.99616786	0.173257024	0.16957807	0.181402849	0.16957807	0.983870968	0.983606557	1	0.983606557	3
0.032258065	0.032258065	0.031746032	0.032258065	0.988993432	0.988993432	0.99	0.988993432	0.239854318	0.239854318	0.233560091	0.239854318	0.983870968	0.983870968	0.984126984	0.983870968	3
0.032258065	0.032258065	0.031746032	0.032258065	0.988993432	0.988993432	0.99	0.988993432	0.239854318	0.239854318	0.233560091	0.239854318	0.983870968	0.983870968	0.984126984	0.983870968	3
0.032258065	0.032258065	0.031746032	0.032258065	0.988993432	0.988993432	0.99	0.988993432	0.239854318	0.239854318	0.233560091	0.239854318	0.983870968	0.983870968	0.984126984	0.983870968	3
0.032258065	0.032258065	0.031746032	0.032258065	0.988993432	0.988993432	0.99	0.988993432	0.239854318	0.239854318	0.233560091	0.239854318	0.983870968	0.983870968	0.984126984	0.983870968	3
0.032258065	0.032258065	0.031746032	0.032258065	0.988993432	0.988993432	0.99	0.988993432	0.239854318	0.239854318	0.233560091	0.239854318	0.983870968	0.983870968	0.984126984	0.983870968	3
0.09375	0.098360656	0.063492063	0.098360656	0.975794251	0.974758621	0.985609868	0.974758621	0.235351563	0.235689331	0.242630385	0.235689331	0.953125	0.950819672	0.968253968	0.950819672	3
0.09375	0.098360656	0.063492063	0.098360656	0.975794251	0.974758621	0.985609868	0.974758621	0.235351563	0.235689331	0.242630385	0.235689331	0.953125	0.950819672	0.968253968	0.950819672	3
0.09375	0.098360656	0.063492063	0.098360656	0.975794251	0.974758621	0.985609868	0.974758621	0.235351563	0.235689331	0.242630385	0.235689331	0.953125	0.950819672	0.968253968	0.950819672	3
0.09375	0.098360656	0.063492063	0.098360656	0.975794251	0.974758621	0.985609868	0.974758621	0.235351563	0.235689331	0.242630385	0.235689331	0.953125	0.950819672	0.968253968	0.950819672	3
0.09375	0.098360656	0.063492063	0.098360656	0.975794251	0.974758621	0.985609868	0.974758621	0.235351563	0.235689331	0.242630385	0.235689331	0.953125	0.950819672	0.968253968	0.950819672	3
0.032258065	0.032786885	0	0.032786885	0.996186258	0.99616786	1	0.99616786	0.173257024	0.16957807	0.181402849	0.16957807	0.983870968	0.983606557	1	0.983606557	3
0.09375	0.098360656	0.063492063	0.098360656	0.975794251	0.974758621	0.985609868	0.974758621	0.235351563	0.235689331	0.242630385	0.235689331	0.953125	0.950819672	0.968253968	0.950819672	3
0.09375	0.098360656	0.063492063	0.098360656	0.975794251	0.974758621	0.985609868	0.974758621	0.235351563	0.235689331	0.242630385	0.235689331	0.953125	0.950819672	0.968253968	0.950819672	3
0.09375	0.098360656	0.063492063	0.098360656	0.975794251	0.974758621	0.985609868	0.974758621	0.235351563	0.235689331	0.242630385	0.235689331	0.953125	0.950819672	0.968253968	0.950819672	3
0	0	0	0	1	1	1	1	0.582262535	0.596774194	0.582262535	0.582262535	1	1	1	1	3
0	0	0	0	1	1	1	1	0.582262535	0.596774194	0.582262535	0.582262535	1	1	1	1	3
0	0	0	0	1	1	1	1	0.582262535	0.596774194	0.582262535	0.582262535	1	1	1	1	3
0	0	0	0	1	1	1	1	0.582262535	0.596774194	0.582262535	0.582262535	1	1	1	1	3
0	0	0	0	1	1	1	1	0.582262535	0.596774194	0.582262535	0.582262535	1	1	1	1	3
0	0	0	0	1	1	1	1	0.582262535	0.596774194	0.582262535	0.582262535	1	1	1	1	3
0	0	0	0	1	1	1	1	0.582262535	0.596774194	0.582262535	0.582262535	1	1	1	1	3
0.032258065	0.032786885	0	0.032786885	0.996186258	0.99616786	1	0.99616786	0.173257024	0.16957807	0.181402849	0.16957807	0.983870968	0.983606557	1	0.983606557	3
0	0	0	0	1	1	1	1	0.582262535	0.596774194	0.582262535	0.582262535	1	1	1	1	3
0.092307692	0.09375	0.031746032	0.09375	0.956801063	0.956033891	0.98534202	0.956033891	0.260118343	0.259765625	0.292013102	0.259765625	0.953846154	0.953125	0.984126984	0.953125	3
0.092307692	0.09375	0.031746032	0.09375	0.956801063	0.956033891	0.98534202	0.956033891	0.260118343	0.259765625	0.292013102	0.259765625	0.953846154	0.953125	0.984126984	0.953125	3
0.092307692	0.09375	0.031746032	0.09375	0.956801063	0.956033891	0.98534202	0.956033891	0.260118343	0.259765625	0.292013102	0.259765625	0.953846154	0.953125	0.984126984	0.953125	3
0.092307692	0.09375	0.031746032	0.09375	0.956801063	0.956033891	0.98534202	0.956033891	0.260118343	0.259765625	0.292013102	0.259765625	0.953846154	0.953125	0.984126984	0.953125	3
0.092307692	0.09375	0.031746032	0.09375	0.956801063	0.956033891	0.98534202	0.956033891	0.260118343	0.259765625	0.292013102	0.259765625	0.953846154	0.953125	0.984126984	0.953125	3
0.092307692	0.09375	0.031746032	0.09375	0.956801063	0.956033891	0.98534202	0.956033891	0.260118343	0.259765625	0.292013102	0.259765625	0.953846154	0.953125	0.984126984	0.953125	3
0.092307692	0.09375	0.031746032	0.09375	0.956801063	0.956033891	0.98534202	0.956033891	0.260118343	0.259765625	0.292013102	0.259765625	0.953846154	0.953125	0.984126984	0.953125	3
0.092307692	0.09375	0.031746032	0.09375	0.956801063	0.956033891	0.98534202	0.956033891	0.260118343	0.259765625	0.292013102	0.259765625	0.953846154	0.953125	0.984126984	0.953125	3
0.064516129	0.095238095	0.063492063	0.095238095	0.962874251	0.945876289	0.967357513	0.945876289	0.311134235	0.287477954	0.302091207	0.287477954	0.967741935	0.952380952	0.968253968	0.952380952	3
0.032258065	0.032786885	0	0.032786885	0.996186258	0.99616786	1	0.99616786	0.173257024	0.16957807	0.181402849	0.16957807	0.983870968	0.983606557	1	0.983606557	3
0.064516129	0.095238095	0.063492063	0.095238095	0.962874251	0.945876289	0.967357513	0.945876289	0.311134235	0.287477954	0.302091207	0.287477954	0.967741935	0.952380952	0.968253968	0.952380952	3
0.064516129	0.095238095	0.063492063	0.095238095	0.962874251	0.945876289	0.967357513	0.945876289	0.311134235	0.287477954	0.302091207	0.287477954	0.967741935	0.952380952	0.968253968	0.952380952	3
0.064516129	0.095238095	0.063492063	0.095238095	0.962874251	0.945876289	0.967357513	0.945876289	0.311134235	0.287477954	0.302091207	0.287477954	0.967741935	0.952380952	0.968253968	0.952380952	3
0.064516129	0.095238095	0.063492063	0.095238095	0.962874251	0.945876289	0.967357513	0.945876289	0.311134235	0.287477954	0.302091207	0.287477954	0.967741935	0.952380952	0.968253968	0.952380952	3
0.064516129	0.095238095	0.063492063	0.095238095	0.962874251	0.945876289	0.967357513	0.945876289	0.311134235	0.287477954	0.302091207	0.287477954	0.967741935	0.952380952	0.968253968	0.952380952	3
0.064516129	0.095238095	0.063492063	0.095238095	0.962874251	0.945876289	0.967357513	0.945876289	0.311134235	0.287477954	0.302091207	0.287477954	0.967741935	0.952380952	0.968253968	0.952380952	3
0.064516129	0.095238095	0.063492063	0.095238095	0.962874251	0.945876289	0.967357513	0.945876289	0.311134235	0.287477954	0.302091207	0.287477954	0.967741935	0.952380952	0.968253968	0.952380952	3
0.064516129	0.095238095	0.031746032	0.095238095	0.958051421	0.937125749	0.980920654	0.937125749	0.2710718	0.254220207	0.28042328	0.254220207	0.967741935	0.952380952	0.984126984	0.952380952	3
0.064516129	0.095238095	0.031746032	0.095238095	0.958051421	0.937125749	0.980920654	0.937125749	0.2710718	0.254220207	0.28042328	0.254220207	0.967741935	0.952380952	0.984126984	0.952380952	3
0.064516129	0.095238095	0.031746032	0.095238095	0.958051421	0.937125749	0.980920654	0.937125749	0.2710718	0.254220207	0.28042328	0.254220207	0.967741935	0.952380952	0.984126984	0.952380952	3
0.032258065	0.032786885	0	0.032786885	0.996186258	0.99616786	1	0.99616786	0.173257024	0.16957807	0.181402849	0.16957807	0.983870968	0.983606557	1	0.983606557	3
0.064516129	0.095238095	0.031746032	0.095238095	0.958051421	0.937125749	0.980920654	0.937125749	0.2710718	0.254220207	0.28042328	0.254220207	0.967741935	0.952380952	0.984126984	0.952380952	3
0.064516129	0.095238095	0.031746032	0.095238095	0.958051421	0.937125749	0.980920654	0.937125749	0.2710718	0.254220207	0.28042328	0.254220207	0.967741935	0.952380952	0.984126984	0.952380952	3
0.064516129	0.095238095	0.031746032	0.095238095	0.958051421	0.937125749	0.980920654	0.937125749	0.2710718	0.254220207	0.28042328	0.254220207	0.967741935	0.952380952	0.984126984	0.952380952	3
0.064516129	0.095238095	0.031746032	0.095238095	0.958051421	0.937125749	0.980920654	0.937125749	0.2710718	0.254220207	0.28042328	0.254220207	0.967741935	0.952380952	0.984126984	0.952380952	3
0.064516129	0.095238095	0.031746032	0.095238095	0.958051421	0.937125749	0.980920654	0.937125749	0.2710718	0.254220207	0.28042328	0.254220207	0.967741935	0.952380952	0.984126984	0.952380952	3
0.129032258	0.129032258	0.095238095	0.131147541	0.973278742	0.973278742	0.982023968	0.973038674	0.169614984	0.169614984	0.17611489	0.165815641	0.935483871	0.935483871	0.952380952	0.93442623	3
0.129032258	0.129032258	0.095238095	0.131147541	0.973278742	0.973278742	0.982023968	0.973038674	0.169614984	0.169614984	0.17611489	0.165815641	0.935483871	0.935483871	0.952380952	0.93442623	3
0.129032258	0.129032258	0.095238095	0.131147541	0.973278742	0.973278742	0.982023968	0.973038674	0.169614984	0.169614984	0.17611489	0.165815641	0.935483871	0.935483871	0.952380952	0.93442623	3
0.129032258	0.129032258	0.095238095	0.131147541	0.973278742	0.973278742	0.982023968	0.973038674	0.169614984	0.169614984	0.17611489	0.165815641	0.935483871	0.935483871	0.952380952	0.93442623	3
0.129032258	0.129032258	0.095238095	0.131147541	0.973278742	0.973278742	0.982023968	0.973038674	0.169614984	0.169614984	0.17611489	0.165815641	0.935483871	0.935483871	0.952380952	0.93442623	3
0.032258065	0.032786885	0	0.032786885	0.996186258	0.99616786	1	0.99616786	0.173257024	0.16957807	0.181402849	0.16957807	0.983870968	0.983606557	1	0.983606557	3
0.129032258	0.129032258	0.095238095	0.131147541	0.973278742	0.973278742	0.982023968	0.973038674	0.169614984	0.169614984	0.17611489	0.165815641	0.935483871	0.935483871	0.952380952	0.93442623	3
0.129032258	0.129032258	0.095238095	0.131147541	0.973278742	0.973278742	0.982023968	0.973038674	0.169614984	0.169614984	0.17611489	0.165815641	0.935483871	0.935483871	0.952380952	0.93442623	3
0.129032258	0.129032258	0.095238095	0.131147541	0.973278742	0.973278742	0.982023968	0.973038674	0.169614984	0.169614984	0.17611489	0.165815641	0.935483871	0.935483871	0.952380952	0.93442623	3
0.095238095	0.125	0.06557377	0.125	0.981700232	0.975600457	0.987718945	0.975600457	0.182665659	0.16796875	0.194302607	0.16796875	0.952380952	0.9375	0.967213115	0.9375	3
0.095238095	0.125	0.06557377	0.125	0.981700232	0.975600457	0.987718945	0.975600457	0.182665659	0.16796875	0.194302607	0.16796875	0.952380952	0.9375	0.967213115	0.9375	3
0.095238095	0.125	0.06557377	0.125	0.981700232	0.975600457	0.987718945	0.975600457	0.182665659	0.16796875	0.194302607	0.16796875	0.952380952	0.9375	0.967213115	0.9375	3
0.095238095	0.125	0.06557377	0.125	0.981700232	0.975600457	0.987718945	0.975600457	0.182665659	0.16796875	0.194302607	0.16796875	0.952380952	0.9375	0.967213115	0.9375	3
0.095238095	0.125	0.06557377	0.125	0.981700232	0.975600457	0.987718945	0.975600457	0.182665659	0.16796875	0.194302607	0.16796875	0.952380952	0.9375	0.967213115	0.9375	3
0.095238095	0.125	0.06557377	0.125	0.981700232	0.975600457	0.987718945	0.975600457	0.182665659	0.16796875	0.194302607	0.16796875	0.952380952	0.9375	0.967213115	0.9375	3
0.095238095	0.125	0.06557377	0.125	0.981700232	0.975600457	0.987718945	0.975600457	0.182665659	0.16796875	0.194302607	0.16796875	0.952380952	0.9375	0.967213115	0.9375	3
0.032258065	0.032786885	0	0.032786885	0.996186258	0.99616786	1	0.99616786	0.173257024	0.16957807	0.181402849	0.16957807	0.983870968	0.983606557	1	0.983606557	3
0.095238095	0.125	0.06557377	0.125	0.981700232	0.975600457	0.987718945	0.975600457	0.182665659	0.16796875	0.194302607	0.16796875	0.952380952	0.9375	0.967213115	0.9375	3
0.06557377	0.095238095	0.063492063	0.095238095	0.959709379	0.940378549	0.963688761	0.940378549	0.302338081	0.285966238	0.299067775	0.285966238	0.967213115	0.952380952	0.968253968	0.952380952	3
0.06557377	0.095238095	0.063492063	0.095238095	0.959709379	0.940378549	0.963688761	0.940378549	0.302338081	0.285966238	0.299067775	0.285966238	0.967213115	0.952380952	0.968253968	0.952380952	3
0.06557377	0.095238095	0.063492063	0.095238095	0.959709379	0.940378549	0.963688761	0.940378549	0.302338081	0.285966238	0.299067775	0.285966238	0.967213115	0.952380952	0.968253968	0.952380952	3
0.06557377	0.095238095	0.063492063	0.095238095	0.959709379	0.940378549	0.963688761	0.940378549	0.302338081	0.285966238	0.299067775	0.285966238	0.967213115	0.952380952	0.968253968	0.952380952	3
0.06557377	0.095238095	0.063492063	0.095238095	0.959709379	0.940378549	0.963688761	0.940378549	0.302338081	0.285966238	0.299067775	0.285966238	0.967213115	0.952380952	0.968253968	0.952380952	3
0.06557377	0.095238095	0.063492063	0.095238095	0.959709379	0.940378549	0.963688761	0.940378549	0.302338081	0.285966238	0.299067775	0.285966238	0.967213115	0.952380952	0.968253968	0.952380952	3
0.06557377	0.095238095	0.063492063	0.095238095	0.959709379	0.940378549	0.963688761	0.940378549	0.302338081	0.285966238	0.299067775	0.285966238	0.967213115	0.952380952	0.968253968	0.952380952	3
0.06557377	0.095238095	0.063492063	0.095238095	0.959709379	0.940378549	0.963688761	0.940378549	0.302338081	0.285966238	0.299067775	0.285966238	0.967213115	0.952380952	0.968253968	0.952380952	3
0.032258065	0.063492063	0.031746032	0.064516129	0.976586103	0.95357406	0.979303548	0.95133438	0.395421436	0.377173091	0.384227765	0.3855359	0.983870968	0.968253968	0.984126984	0.967741935	3
0.031746032	0.032786885	0.03125	0.032786885	0.97560031	0.974958949	0.976154993	0.974958949	0.35600907	0.354474604	0.349609375	0.354474604	0.984126984	0.983606557	0.984375	0.983606557	3
0.032258065	0.063492063	0.031746032	0.064516129	0.976586103	0.95357406	0.979303548	0.95133438	0.395421436	0.377173091	0.384227765	0.3855359	0.983870968	0.968253968	0.984126984	0.967741935	3
0.032258065	0.063492063	0.031746032	0.064516129	0.976586103	0.95357406	0.979303548	0.95133438	0.395421436	0.377173091	0.384227765	0.3855359	0.983870968	0.968253968	0.984126984	0.967741935	3
0.032258065	0.063492063	0.031746032	0.064516129	0.976586103	0.95357406	0.979303548	0.95133438	0.395421436	0.377173091	0.384227765	0.3855359	0.983870968	0.968253968	0.984126984	0.967741935	3
0.032258065	0.063492063	0.031746032	0.064516129	0.976586103	0.95357406	0.979303548	0.95133438	0.395421436	0.377173091	0.384227765	0.3855359	0.983870968	0.968253968	0.984126984	0.967741935	3
0.032258065	0.063492063	0.031746032	0.064516129	0.976586103	0.95357406	0.979303548	0.95133438	0.395421436	0.377173091	0.384227765	0.3855359	0.983870968	0.968253968	0.984126984	0.967741935	3
0.032258065	0.063492063	0.031746032	0.064516129	0.976586103	0.95357406	0.979303548	0.95133438	0.395421436	0.377173091	0.384227765	0.3855359	0.983870968	0.968253968	0.984126984	0.967741935	3
0.032258065	0.063492063	0.031746032	0.064516129	0.976586103	0.95357406	0.979303548	0.95133438	0.395421436	0.377173091	0.384227765	0.3855359	0.983870968	0.968253968	0.984126984	0.967741935	3
0.064516129	0.095238095	0.032786885	0.06557377	0.972542073	0.959302326	0.986420303	0.972310486	0.340270552	0.315696649	0.351787154	0.336199946	0.967741935	0.952380952	0.983606557	0.967213115	3
0.064516129	0.095238095	0.032786885	0.06557377	0.972542073	0.959302326	0.986420303	0.972310486	0.340270552	0.315696649	0.351787154	0.336199946	0.967741935	0.952380952	0.983606557	0.967213115	3
0.064516129	0.095238095	0.032786885	0.06557377	0.972542073	0.959302326	0.986420303	0.972310486	0.340270552	0.315696649	0.351787154	0.336199946	0.967741935	0.952380952	0.983606557	0.967213115	3
0.095238095	0.129032258	0.09375	0.1	0.961397059	0.946505608	0.962934363	0.957894737	0.226001512	0.214360042	0.223144531	0.228333333	0.952380952	0.935483871	0.953125	0.95	4
0.095238095	0.129032258	0.09375	0.1	0.961397059	0.946505608	0.962934363	0.957894737	0.226001512	0.214360042	0.223144531	0.228333333	0.952380952	0.935483871	0.953125	0.95	4
0.095238095	0.129032258	0.09375	0.1	0.961397059	0.946505608	0.962934363	0.957894737	0.226001512	0.214360042	0.223144531	0.228333333	0.952380952	0.935483871	0.953125	0.95	4
0.095238095	0.129032258	0.09375	0.1	0.961397059	0.946505608	0.962934363	0.957894737	0.226001512	0.214360042	0.223144531	0.228333333	0.952380952	0.935483871	0.953125	0.95	4
0.095238095	0.129032258	0.09375	0.1	0.961397059	0.946505608	0.962934363	0.957894737	0.226001512	0.214360042	0.223144531	0.228333333	0.952380952	0.935483871	0.953125	0.95	4
0.095238095	0.129032258	0.09375	0.1	0.961397059	0.946505608	0.962934363	0.957894737	0.226001512	0.214360042	0.223144531	0.228333333	0.952380952	0.935483871	0.953125	0.95	4
0.095238095	0.129032258	0.09375	0.1	0.961397059	0.946505608	0.962934363	0.957894737	0.226001512	0.214360042	0.223144531	0.228333333	0.952380952	0.935483871	0.953125	0.95	4
0.095238095	0.129032258	0.09375	0.1	0.961397059	0.946505608	0.962934363	0.957894737	0.226001512	0.214360042	0.223144531	0.228333333	0.952380952	0.935483871	0.953125	0.95	4
0.095238095	0.129032258	0.09375	0.1	0.961397059	0.946505608	0.962934363	0.957894737	0.226001512	0.214360042	0.223144531	0.228333333	0.952380952	0.935483871	0.953125	0.95	4
0.095238095	0.129032258	0.09375	0.1	0.961397059	0.946505608	0.962934363	0.957894737	0.226001512	0.214360042	0.223144531	0.228333333	0.952380952	0.935483871	0.953125	0.95	4
0.095238095	0.129032258	0.09375	0.1	0.961397059	0.946505608	0.962934363	0.957894737	0.226001512	0.214360042	0.223144531	0.228333333	0.952380952	0.935483871	0.953125	0.95	4
0.095238095	0.129032258	0.09375	0.1	0.961397059	0.946505608	0.962934363	0.957894737	0.226001512	0.214360042	0.223144531	0.228333333	0.952380952	0.935483871	0.953125	0.95	4
0.095238095	0.129032258	0.09375	0.1	0.961397059	0.946505608	0.962934363	0.957894737	0.226001512	0.214360042	0.223144531	0.228333333	0.952380952	0.935483871	0.953125	0.95	4
0.095238095	0.129032258	0.09375	0.1	0.961397059	0.946505608	0.962934363	0.957894737	0.226001512	0.214360042	0.223144531	0.228333333	0.952380952	0.935483871	0.953125	0.95	4
0.095238095	0.129032258	0.09375	0.1	0.961397059	0.946505608	0.962934363	0.957894737	0.226001512	0.214360042	0.223144531	0.228333333	0.952380952	0.935483871	0.953125	0.95	4
0.095238095	0.129032258	0.09375	0.1	0.961397059	0.946505608	0.962934363	0.957894737	0.226001512	0.214360042	0.223144531	0.228333333	0.952380952	0.935483871	0.953125	0.95	4
0.095238095	0.129032258	0.09375	0.1	0.961397059	0.946505608	0.962934363	0.957894737	0.226001512	0.214360042	0.223144531	0.228333333	0.952380952	0.935483871	0.953125	0.95	4
0.095238095	0.129032258	0.09375	0.1	0.961397059	0.946505608	0.962934363	0.957894737	0.226001512	0.214360042	0.223144531	0.228333333	0.952380952	0.935483871	0.953125	0.95	4
0.095238095	0.129032258	0.09375	0.1	0.961397059	0.946505608	0.962934363	0.957894737	0.226001512	0.214360042	0.223144531	0.228333333	0.952380952	0.935483871	0.953125	0.95	4
0.095238095	0.129032258	0.09375	0.1	0.961397059	0.946505608	0.962934363	0.957894737	0.226001512	0.214360042	0.223144531	0.228333333	0.952380952	0.935483871	0.953125	0.95	4
0.095238095	0.129032258	0.09375	0.1	0.961397059	0.946505608	0.962934363	0.957894737	0.226001512	0.214360042	0.223144531	0.228333333	0.952380952	0.935483871	0.953125	0.95	4
0.095238095	0.129032258	0.09375	0.1	0.961397059	0.946505608	0.962934363	0.957894737	0.226001512	0.214360042	0.223144531	0.228333333	0.952380952	0.935483871	0.953125	0.95	4
0.095238095	0.129032258	0.09375	0.1	0.961397059	0.946505608	0.962934363	0.957894737	0.226001512	0.214360042	0.223144531	0.228333333	0.952380952	0.935483871	0.953125	0.95	4
0.095238095	0.129032258	0.09375	0.1	0.961397059	0.946505608	0.962934363	0.957894737	0.226001512	0.214360042	0.223144531	0.228333333	0.952380952	0.935483871	0.953125	0.95	4
0.095238095	0.129032258	0.09375	0.1	0.961397059	0.946505608	0.962934363	0.957894737	0.226001512	0.214360042	0.223144531	0.228333333	0.952380952	0.935483871	0.953125	0.95	4
0.095238095	0.129032258	0.09375	0.1	0.961397059	0.946505608	0.962934363	0.957894737	0.226001512	0.214360042	0.223144531	0.228333333	0.952380952	0.935483871	0.953125	0.95	4
0.095238095	0.129032258	0.09375	0.1	0.961397059	0.946505608	0.962934363	0.957894737	0.226001512	0.214360042	0.223144531	0.228333333	0.952380952	0.935483871	0.953125	0.95	4
0.095238095	0.129032258	0.09375	0.1	0.961397059	0.946505608	0.962934363	0.957894737	0.226001512	0.214360042	0.223144531	0.228333333	0.952380952	0.935483871	0.953125	0.95	4
0.095238095	0.129032258	0.09375	0.1	0.961397059	0.946505608	0.962934363	0.957894737	0.226001512	0.214360042	0.223144531	0.228333333	0.952380952	0.935483871	0.953125	0.95	4
0.095238095	0.129032258	0.09375	0.1	0.961397059	0.946505608	0.962934363	0.957894737	0.226001512	0.214360042	0.223144531	0.228333333	0.952380952	0.935483871	0.953125	0.95	4
0.095238095	0.129032258	0.09375	0.1	0.961397059	0.946505608	0.962934363	0.957894737	0.226001512	0.214360042	0.223144531	0.228333333	0.952380952	0.935483871	0.953125	0.95	4
0.095238095	0.129032258	0.09375	0.1	0.961397059	0.946505608	0.962934363	0.957894737	0.226001512	0.214360042	0.223144531	0.228333333	0.952380952	0.935483871	0.953125	0.95	4
0.095238095	0.129032258	0.09375	0.1	0.961397059	0.946505608	0.962934363	0.957894737	0.226001512	0.214360042	0.223144531	0.228333333	0.952380952	0.935483871	0.953125	0.95	4
0.095238095	0.129032258	0.09375	0.1	0.961397059	0.946505608	0.962934363	0.957894737	0.226001512	0.214360042	0.223144531	0.228333333	0.952380952	0.935483871	0.953125	0.95	4
0.095238095	0.129032258	0.09375	0.1	0.961397059	0.946505608	0.962934363	0.957894737	0.226001512	0.214360042	0.223144531	0.228333333	0.952380952	0.935483871	0.953125	0.95	4
0.095238095	0.129032258	0.09375	0.1	0.961397059	0.946505608	0.962934363	0.957894737	0.226001512	0.214360042	0.223144531	0.228333333	0.952380952	0.935483871	0.953125	0.95	4
0.031746032	0.063492063	0.031746032	0.063492063	0.978230822	0.956461645	0.978230822	0.956461645	0.318216175	0.296548249	0.318216175	0.296548249	0.984126984	0.968253968	0.984126984	0.968253968	4
0.031746032	0.063492063	0.031746032	0.063492063	0.978230822	0.956461645	0.978230822	0.956461645	0.318216175	0.296548249	0.318216175	0.296548249	0.984126984	0.968253968	0.984126984	0.968253968	4
0.031746032	0.063492063	0.031746032	0.063492063	0.978230822	0.956461645	0.978230822	0.956461645	0.318216175	0.296548249	0.318216175	0.296548249	0.984126984	0.968253968	0.984126984	0.968253968	4
0.031746032	0.063492063	0.031746032	0.063492063	0.978230822	0.956461645	0.978230822	0.956461645	0.318216175	0.296548249	0.318216175	0.296548249	0.984126984	0.968253968	0.984126984	0.968253968	4
0.031746032	0.063492063	0.031746032	0.063492063	0.978230822	0.956461645	0.978230822	0.956461645	0.318216175	0.296548249	0.318216175	0.296548249	0.984126984	0.968253968	0.984126984	0.968253968	4
0.031746032	0.063492063	0.031746032	0.063492063	0.978230822	0.956461645	0.978230822	0.956461645	0.318216175	0.296548249	0.318216175	0.296548249	0.984126984	0.968253968	0.984126984	0.968253968	4
0.031746032	0.063492063	0.031746032	0.063492063	0.978230822	0.956461645	0.978230822	0.956461645	0.318216175	0.296548249	0.318216175	0.296548249	0.984126984	0.968253968	0.984126984	0.968253968	4
0.031746032	0.063492063	0.031746032	0.063492063	0.978230822	0.956461645	0.978230822	0.956461645	0.318216175	0.296548249	0.318216175	0.296548249	0.984126984	0.968253968	0.984126984	0.968253968	4
0.031746032	0.063492063	0.031746032	0.063492063	0.978230822	0.956461645	0.978230822	0.956461645	0.318216175	0.296548249	0.318216175	0.296548249	0.984126984	0.968253968	0.984126984	0.968253968	4
0.095238095	0.129032258	0.09375	0.1	0.961397059	0.946505608	0.962934363	0.957894737	0.226001512	0.214360042	0.223144531	0.228333333	0.952380952	0.935483871	0.953125	0.95	4
0.031746032	0.063492063	0.031746032	0.063492063	0.978230822	0.956461645	0.978230822	0.956461645	0.318216175	0.296548249	0.318216175	0.296548249	0.984126984	0.968253968	0.984126984	0.968253968	4
0.031746032	0.063492063	0.031746032	0.063492063	0.978230822	0.956461645	0.978230822	0.956461645	0.318216175	0.296548249	0.318216175	0.296548249	0.984126984	0.968253968	0.984126984	0.968253968	4
0.031746032	0.063492063	0.031746032	0.063492063	0.978230822	0.956461645	0.978230822	0.956461645	0.318216175	0.296548249	0.318216175	0.296548249	0.984126984	0.968253968	0.984126984	0.968253968	4
0.031746032	0.063492063	0.031746032	0.063492063	0.978230822	0.956461645	0.978230822	0.956461645	0.318216175	0.296548249	0.318216175	0.296548249	0.984126984	0.968253968	0.984126984	0.968253968	4
0.031746032	0.063492063	0.031746032	0.063492063	0.978230822	0.956461645	0.978230822	0.956461645	0.318216175	0.296548249	0.318216175	0.296548249	0.984126984	0.968253968	0.984126984	0.968253968	4
0.031746032	0.063492063	0.031746032	0.063492063	0.978230822	0.956461645	0.978230822	0.956461645	0.318216175	0.296548249	0.318216175	0.296548249	0.984126984	0.968253968	0.984126984	0.968253968	4
0.031746032	0.063492063	0.031746032	0.063492063	0.978230822	0.956461645	0.978230822	0.956461645	0.318216175	0.296548249	0.318216175	0.296548249	0.984126984	0.968253968	0.984126984	0.968253968	4
0.031746032	0.063492063	0.031746032	0.063492063	0.978230822	0.956461645	0.978230822	0.956461645	0.318216175	0.296548249	0.318216175	0.296548249	0.984126984	0.968253968	0.984126984	0.968253968	4
0.031746032	0.063492063	0.031746032	0.063492063	0.978230822	0.956461645	0.978230822	0.956461645	0.318216175	0.296548249	0.318216175	0.296548249	0.984126984	0.968253968	0.984126984	0.968253968	4
0.031746032	0.063492063	0.031746032	0.063492063	0.978230822	0.956461645	0.978230822	0.956461645	0.318216175	0.296548249	0.318216175	0.296548249	0.984126984	0.968253968	0.984126984	0.968253968	4
0.095238095	0.129032258	0.09375	0.1	0.961397059	0.946505608	0.962934363	0.957894737	0.226001512	0.214360042	0.223144531	0.228333333	0.952380952	0.935483871	0.953125	0.95	4
0.031746032	0.063492063	0.031746032	0.063492063	0.978230822	0.956461645	0.978230822	0.956461645	0.318216175	0.296548249	0.318216175	0.296548249	0.984126984	0.968253968	0.984126984	0.968253968	4
0.031746032	0.063492063	0.031746032	0.063492063	0.978230822	0.956461645	0.978230822	0.956461645	0.318216175	0.296548249	0.318216175	0.296548249	0.984126984	0.968253968	0.984126984	0.968253968	4
0.031746032	0.063492063	0.031746032	0.063492063	0.978230822	0.956461645	0.978230822	0.956461645	0.318216175	0.296548249	0.318216175	0.296548249	0.984126984	0.968253968	0.984126984	0.968253968	4
0.031746032	0.063492063	0.031746032	0.063492063	0.978230822	0.956461645	0.978230822	0.956461645	0.318216175	0.296548249	0.318216175	0.296548249	0.984126984	0.968253968	0.984126984	0.968253968	4
0.031746032	0.063492063	0.031746032	0.063492063	0.978230822	0.956461645	0.978230822	0.956461645	0.318216175	0.296548249	0.318216175	0.296548249	0.984126984	0.968253968	0.984126984	0.968253968	4
0.031746032	0.063492063	0.031746032	0.063492063	0.978230822	0.956461645	0.978230822	0.956461645	0.318216175	0.296548249	0.318216175	0.296548249	0.984126984	0.968253968	0.984126984	0.968253968	4
0.031746032	0.063492063	0.031746032	0.063492063	0.978230822	0.956461645	0.978230822	0.956461645	0.318216175	0.296548249	0.318216175	0.296548249	0.984126984	0.968253968	0.984126984	0.968253968	4
0.031746032	0.063492063	0.031746032	0.063492063	0.978230822	0.956461645	0.978230822	0.956461645	0.318216175	0.296548249	0.318216175	0.296548249	0.984126984	0.968253968	0.984126984	0.968253968	4
0.031746032	0.063492063	0.031746032	0.063492063	0.978230822	0.956461645	0.978230822	0.956461645	0.318216175	0.296548249	0.318216175	0.296548249	0.984126984	0.968253968	0.984126984	0.968253968	4
0.031746032	0.063492063	0.031746032	0.063492063	0.978230822	0.956461645	0.978230822	0.956461645	0.318216175	0.296548249	0.318216175	0.296548249	0.984126984	0.968253968	0.984126984	0.968253968	4
0.095238095	0.129032258	0.09375	0.1	0.961397059	0.946505608	0.962934363	0.957894737	0.226001512	0.214360042	0.223144531	0.228333333	0.952380952	0.935483871	0.953125	0.95	4
0.031746032	0.063492063	0.031746032	0.063492063	0.978230822	0.956461645	0.978230822	0.956461645	0.318216175	0.296548249	0.318216175	0.296548249	0.984126984	0.968253968	0.984126984	0.968253968	4
0.031746032	0.063492063	0.031746032	0.063492063	0.978230822	0.956461645	0.978230822	0.956461645	0.318216175	0.296548249	0.318216175	0.296548249	0.984126984	0.968253968	0.984126984	0.968253968	4
0.031746032	0.063492063	0.031746032	0.063492063	0.978230822	0.956461645	0.978230822	0.956461645	0.318216175	0.296548249	0.318216175	0.296548249	0.984126984	0.968253968	0.984126984	0.968253968	4
0.031746032	0.063492063	0.031746032	0.063492063	0.978230822	0.956461645	0.978230822	0.956461645	0.318216175	0.296548249	0.318216175	0.296548249	0.984126984	0.968253968	0.984126984	0.968253968	4
0.031746032	0.063492063	0.031746032	0.063492063	0.978230822	0.956461645	0.978230822	0.956461645	0.318216175	0.296548249	0.318216175	0.296548249	0.984126984	0.968253968	0.984126984	0.968253968	4
0.031746032	0.063492063	0.031746032	0.063492063	0.978230822	0.956461645	0.978230822	0.956461645	0.318216175	0.296548249	0.318216175	0.296548249	0.984126984	0.968253968	0.984126984	0.968253968	4
0.031746032	0.063492063	0.031746032	0.063492063	0.978230822	0.956461645	0.978230822	0.956461645	0.318216175	0.296548249	0.318216175	0.296548249	0.984126984	0.968253968	0.984126984	0.968253968	4
0.031746032	0.063492063	0.031746032	0.063492063	0.978230822	0.956461645	0.978230822	0.956461645	0.318216175	0.296548249	0.318216175	0.296548249	0.984126984	0.968253968	0.984126984	0.968253968	4
0.031746032	0.063492063	0.031746032	0.063492063	0.978230822	0.956461645	0.978230822	0.956461645	0.318216175	0.296548249	0.318216175	0.296548249	0.984126984	0.968253968	0.984126984	0.968253968	4
0.031746032	0.063492063	0.031746032	0.063492063	0.978230822	0.956461645	0.978230822	0.956461645	0.318216175	0.296548249	0.318216175	0.296548249	0.984126984	0.968253968	0.984126984	0.968253968	4
0.095238095	0.129032258	0.09375	0.1	0.961397059	0.946505608	0.962934363	0.957894737	0.226001512	0.214360042	0.223144531	0.228333333	0.952380952	0.935483871	0.953125	0.95	4
0.031746032	0.063492063	0.031746032	0.063492063	0.978230822	0.956461645	0.978230822	0.956461645	0.318216175	0.296548249	0.318216175	0.296548249	0.984126984	0.968253968	0.984126984	0.968253968	4
0.09375	0.121212121	0.031746032	0.121212121	0.984995311	0.980246914	0.995132128	0.980246914	0.156738281	0.147842057	0.176618796	0.147842057	0.953125	0.939393939	0.984126984	0.939393939	4
0.09375	0.121212121	0.031746032	0.121212121	0.984995311	0.980246914	0.995132128	0.980246914	0.156738281	0.147842057	0.176618796	0.147842057	0.953125	0.939393939	0.984126984	0.939393939	4
0.09375	0.121212121	0.031746032	0.121212121	0.984995311	0.980246914	0.995132128	0.980246914	0.156738281	0.147842057	0.176618796	0.147842057	0.953125	0.939393939	0.984126984	0.939393939	4
0.09375	0.121212121	0.031746032	0.121212121	0.984995311	0.980246914	0.995132128	0.980246914	0.156738281	0.147842057	0.176618796	0.147842057	0.953125	0.939393939	0.984126984	0.939393939	4
0.09375	0.121212121	0.031746032	0.121212121	0.984995311	0.980246914	0.995132128	0.980246914	0.156738281	0.147842057	0.176618796	0.147842057	0.953125	0.939393939	0.984126984	0.939393939	4
0.09375	0.121212121	0.031746032	0.121212121	0.984995311	0.980246914	0.995132128	0.980246914	0.156738281	0.147842057	0.176618796	0.147842057	0.953125	0.939393939	0.984126984	0.939393939	4
0.09375	0.121212121	0.031746032	0.121212121	0.984995311	0.980246914	0.995132128	0.980246914	0.156738281	0.147842057	0.176618796	0.147842057	0.953125	0.939393939	0.984126984	0.939393939	4
0.09375	0.121212121	0.031746032	0.121212121	0.984995311	0.980246914	0.995132128	0.980246914	0.156738281	0.147842057	0.176618796	0.147842057	0.953125	0.939393939	0.984126984	0.939393939	4
0.09375	0.121212121	0.031746032	0.121212121	0.984995311	0.980246914	0.995132128	0.980246914	0.156738281	0.147842057	0.176618796	0.147842057	0.953125	0.939393939	0.984126984	0.939393939	4
0.095238095	0.129032258	0.09375	0.1	0.961397059	0.946505608	0.962934363	0.957894737	0.226001512	0.214360042	0.223144531	0.228333333	0.952380952	0.935483871	0.953125	0.95	4
0.09375	0.121212121	0.031746032	0.121212121	0.984995311	0.980246914	0.995132128	0.980246914	0.156738281	0.147842057	0.176618796	0.147842057	0.953125	0.939393939	0.984126984	0.939393939	4
0.09375	0.121212121	0.031746032	0.121212121	0.984995311	0.980246914	0.995132128	0.980246914	0.156738281	0.147842057	0.176618796	0.147842057	0.953125	0.939393939	0.984126984	0.939393939	4
0.09375	0.121212121	0.031746032	0.121212121	0.984995311	0.980246914	0.995132128	0.980246914	0.156738281	0.147842057	0.176618796	0.147842057	0.953125	0.939393939	0.984126984	0.939393939	4
0.09375	0.121212121	0.031746032	0.121212121	0.984995311	0.980246914	0.995132128	0.980246914	0.156738281	0.147842057	0.176618796	0.147842057	0.953125	0.939393939	0.984126984	0.939393939	4
0.09375	0.121212121	0.031746032	0.121212121	0.984995311	0.980246914	0.995132128	0.980246914	0.156738281	0.147842057	0.176618796	0.147842057	0.953125	0.939393939	0.984126984	0.939393939	4
0.09375	0.121212121	0.031746032	0.121212121	0.984995311	0.980246914	0.995132128	0.980246914	0.156738281	0.147842057	0.176618796	0.147842057	0.953125	0.939393939	0.984126984	0.939393939	4
0.09375	0.121212121	0.031746032	0.121212121	0.984995311	0.980246914	0.995132128	0.980246914	0.156738281	0.147842057	0.176618796	0.147842057	0.953125	0.939393939	0.984126984	0.939393939	4
0.09375	0.121212121	0.031746032	0.121212121	0.984995311	0.980246914	0.995132128	0.980246914	0.156738281	0.147842057	0.176618796	0.147842057	0.953125	0.939393939	0.984126984	0.939393939	4
0.09375	0.121212121	0.031746032	0.121212121	0.984995311	0.980246914	0.995132128	0.980246914	0.156738281	0.147842057	0.176618796	0.147842057	0.953125	0.939393939	0.984126984	0.939393939	4
0.09375	0.121212121	0.031746032	0.121212121	0.984995311	0.980246914	0.995132128	0.980246914	0.156738281	0.147842057	0.176618796	0.147842057	0.953125	0.939393939	0.984126984	0.939393939	4
